file_name,branch,attack_family_from_path,attack_subtype_from_path,label_column,label_value,sample_count
BenignTraffic.pcap_Flow.csv,Flow-Based,Benign,BenignTraffic,Label,NeedManualLabel,30000
BenignTraffic1.pcap_Flow.csv,Flow-Based,Benign,BenignTraffic1,Label,NeedManualLabel,30000
BenignTraffic2.pcap_Flow.csv,Flow-Based,Benign,BenignTraffic2,Label,NeedManualLabel,30000
BenignTraffic3.pcap_Flow.csv,Flow-Based,Benign,BenignTraffic3,Label,NeedManualLabel,30000
DictionaryBruteForce.pcap_Flow.csv,Flow-Based,Brute Force,DictionaryBruteForce,Label,NeedManualLabel,3619
DDoS-ACK_Fragmentation.pcap_Flow.csv,Flow-Based,DDoS,DDoS-ACK-Fragmentation,Label,NeedManualLabel,30000
DDoS-ACK_Fragmentation1.pcap_Flow.csv,Flow-Based,DDoS,DDoS-ACK-Fragmentation1,Label,NeedManualLabel,30000
DDoS-ACK_Fragmentation10.pcap_Flow.csv,Flow-Based,DDoS,DDoS-ACK-Fragmentation10,Label,NeedManualLabel,30000
DDoS-ACK_Fragmentation11.pcap_Flow.csv,Flow-Based,DDoS,DDoS-ACK-Fragmentation11,Label,NeedManualLabel,30000
DDoS-ACK_Fragmentation12.pcap_Flow.csv,Flow-Based,DDoS,DDoS-ACK-Fragmentation12,Label,NeedManualLabel,30000
DDoS-ACK_Fragmentation2.pcap_Flow.csv,Flow-Based,DDoS,DDoS-ACK-Fragmentation2,Label,NeedManualLabel,30000
DDoS-ACK_Fragmentation3.pcap_Flow (1).csv,Flow-Based,DDoS,DDoS-ACK-Fragmentation3.pcap-Flow-(1),Label,NeedManualLabel,30000
DDoS-ACK_Fragmentation3.pcap_Flow.csv,Flow-Based,DDoS,DDoS-ACK-Fragmentation3,Label,NeedManualLabel,30000
DDoS-ACK_Fragmentation4.pcap_Flow.csv,Flow-Based,DDoS,DDoS-ACK-Fragmentation4,Label,NeedManualLabel,30000
DDoS-ACK_Fragmentation5.pcap_Flow.csv,Flow-Based,DDoS,DDoS-ACK-Fragmentation5,Label,NeedManualLabel,30000
DDoS-ACK_Fragmentation6.pcap_Flow.csv,Flow-Based,DDoS,DDoS-ACK-Fragmentation6,Label,NeedManualLabel,30000
DDoS-ACK_Fragmentation7.pcap_Flow.csv,Flow-Based,DDoS,DDoS-ACK-Fragmentation7,Label,NeedManualLabel,30000
DDoS-ACK_Fragmentation8.pcap_Flow.csv,Flow-Based,DDoS,DDoS-ACK-Fragmentation8,Label,NeedManualLabel,30000
DDoS-ACK_Fragmentation9.pcap_Flow.csv,Flow-Based,DDoS,DDoS-ACK-Fragmentation9,Label,NeedManualLabel,30000
DDoS-ICMP_Flood.pcap_Flow.csv,Flow-Based,DDoS,DDoS-ICMP-Flood,Label,NeedManualLabel,10415
DDoS-ICMP_Flood1.pcap_Flow.csv,Flow-Based,DDoS,DDoS-ICMP-Flood1,Label,NeedManualLabel,8263
DDoS-ICMP_Flood10.pcap_Flow.csv,Flow-Based,DDoS,DDoS-ICMP-Flood10,Label,NeedManualLabel,7558
DDoS-ICMP_Flood11.pcap_Flow.csv,Flow-Based,DDoS,DDoS-ICMP-Flood11,Label,NeedManualLabel,8312
DDoS-ICMP_Flood12.pcap_Flow.csv,Flow-Based,DDoS,DDoS-ICMP-Flood12,Label,NeedManualLabel,7204
DDoS-ICMP_Flood13.pcap_Flow.csv,Flow-Based,DDoS,DDoS-ICMP-Flood13,Label,NeedManualLabel,5552
DDoS-ICMP_Flood14.pcap_Flow.csv,Flow-Based,DDoS,DDoS-ICMP-Flood14,Label,NeedManualLabel,6572
DDoS-ICMP_Flood15.pcap_Flow.csv,Flow-Based,DDoS,DDoS-ICMP-Flood15,Label,NeedManualLabel,10323
DDoS-ICMP_Flood16.pcap_Flow.csv,Flow-Based,DDoS,DDoS-ICMP-Flood16,Label,NeedManualLabel,10270
DDoS-ICMP_Flood17.pcap_Flow.csv,Flow-Based,DDoS,DDoS-ICMP-Flood17,Label,NeedManualLabel,4643
DDoS-ICMP_Flood18.pcap_Flow.csv,Flow-Based,DDoS,DDoS-ICMP-Flood18,Label,NeedManualLabel,4062
DDoS-ICMP_Flood19.pcap_Flow.csv,Flow-Based,DDoS,DDoS-ICMP-Flood19,Label,NeedManualLabel,8121
DDoS-ICMP_Flood2.pcap_Flow.csv,Flow-Based,DDoS,DDoS-ICMP-Flood2,Label,NeedManualLabel,10958
DDoS-ICMP_Flood20.pcap_Flow.csv,Flow-Based,DDoS,DDoS-ICMP-Flood20,Label,NeedManualLabel,7322
DDoS-ICMP_Flood21.pcap_Flow.csv,Flow-Based,DDoS,DDoS-ICMP-Flood21,Label,NeedManualLabel,7293
DDoS-ICMP_Flood22.pcap_Flow.csv,Flow-Based,DDoS,DDoS-ICMP-Flood22,Label,NeedManualLabel,5993
DDoS-ICMP_Flood23.pcap_Flow.csv,Flow-Based,DDoS,DDoS-ICMP-Flood23,Label,NeedManualLabel,5193
DDoS-ICMP_Flood24.pcap_Flow.csv,Flow-Based,DDoS,DDoS-ICMP-Flood24,Label,NeedManualLabel,6055
DDoS-ICMP_Flood25.pcap_Flow.csv,Flow-Based,DDoS,DDoS-ICMP-Flood25,Label,NeedManualLabel,9442
DDoS-ICMP_Flood26.pcap_Flow.csv,Flow-Based,DDoS,DDoS-ICMP-Flood26,Label,NeedManualLabel,5432
DDoS-ICMP_Flood3.pcap_Flow.csv,Flow-Based,DDoS,DDoS-ICMP-Flood3,Label,NeedManualLabel,7845
DDoS-ICMP_Flood4.pcap_Flow.csv,Flow-Based,DDoS,DDoS-ICMP-Flood4,Label,NeedManualLabel,16190
DDoS-ICMP_Flood5.pcap_Flow.csv,Flow-Based,DDoS,DDoS-ICMP-Flood5,Label,NeedManualLabel,7840
DDoS-ICMP_Flood6.pcap_Flow.csv,Flow-Based,DDoS,DDoS-ICMP-Flood6,Label,NeedManualLabel,4783
DDoS-ICMP_Flood7.pcap_Flow.csv,Flow-Based,DDoS,DDoS-ICMP-Flood7,Label,NeedManualLabel,3244
DDoS-ICMP_Flood8.pcap_Flow.csv,Flow-Based,DDoS,DDoS-ICMP-Flood8,Label,NeedManualLabel,6411
DDoS-ICMP_Flood9.pcap_Flow.csv,Flow-Based,DDoS,DDoS-ICMP-Flood9,Label,NeedManualLabel,6955
DDoS-HTTP_Flood-.pcap_Flow.csv,Flow-Based,DDoS,DDoS-HTTP-Flood,Label,NeedManualLabel,30000
DDoS-ICMP_Fragmentation.pcap_Flow.csv,Flow-Based,DDoS,DDoS-ICMP-Fragmentation,Label,NeedManualLabel,14479
DDoS-ICMP_Fragmentation1.pcap_Flow.csv,Flow-Based,DDoS,DDoS-ICMP-Fragmentation1,Label,NeedManualLabel,17480
DDoS-ICMP_Fragmentation10.pcap_Flow.csv,Flow-Based,DDoS,DDoS-ICMP-Fragmentation10,Label,NeedManualLabel,14420
DDoS-ICMP_Fragmentation11.pcap_Flow.csv,Flow-Based,DDoS,DDoS-ICMP-Fragmentation11,Label,NeedManualLabel,11479
DDoS-ICMP_Fragmentation12.pcap_Flow.csv,Flow-Based,DDoS,DDoS-ICMP-Fragmentation12,Label,NeedManualLabel,18026
DDoS-ICMP_Fragmentation13.pcap_Flow.csv,Flow-Based,DDoS,DDoS-ICMP-Fragmentation13,Label,NeedManualLabel,12980
DDoS-ICMP_Fragmentation14.pcap_Flow.csv,Flow-Based,DDoS,DDoS-ICMP-Fragmentation14,Label,NeedManualLabel,13411
DDoS-ICMP_Fragmentation15.pcap_Flow.csv,Flow-Based,DDoS,DDoS-ICMP-Fragmentation15,Label,NeedManualLabel,9890
DDoS-ICMP_Fragmentation16.pcap_Flow.csv,Flow-Based,DDoS,DDoS-ICMP-Fragmentation16,Label,NeedManualLabel,16489
DDoS-ICMP_Fragmentation17.pcap_Flow.csv,Flow-Based,DDoS,DDoS-ICMP-Fragmentation17,Label,NeedManualLabel,30000
DDoS-ICMP_Fragmentation18.pcap_Flow.csv,Flow-Based,DDoS,DDoS-ICMP-Fragmentation18,Label,NeedManualLabel,9106
DDoS-ICMP_Fragmentation19.pcap_Flow.csv,Flow-Based,DDoS,DDoS-ICMP-Fragmentation19,Label,NeedManualLabel,10963
DDoS-ICMP_Fragmentation2.pcap_Flow.csv,Flow-Based,DDoS,DDoS-ICMP-Fragmentation2,Label,NeedManualLabel,13462
DDoS-ICMP_Fragmentation3.pcap_Flow.csv,Flow-Based,DDoS,DDoS-ICMP-Fragmentation3,Label,NeedManualLabel,23405
DDoS-ICMP_Fragmentation4.pcap_Flow.csv,Flow-Based,DDoS,DDoS-ICMP-Fragmentation4,Label,NeedManualLabel,25593
DDoS-ICMP_Fragmentation5.pcap_Flow.csv,Flow-Based,DDoS,DDoS-ICMP-Fragmentation5,Label,NeedManualLabel,10617
DDoS-ICMP_Fragmentation6.pcap_Flow.csv,Flow-Based,DDoS,DDoS-ICMP-Fragmentation6,Label,NeedManualLabel,10138
DDoS-ICMP_Fragmentation7.pcap_Flow.csv,Flow-Based,DDoS,DDoS-ICMP-Fragmentation7,Label,NeedManualLabel,14235
DDoS-ICMP_Fragmentation8.pcap_Flow.csv,Flow-Based,DDoS,DDoS-ICMP-Fragmentation8,Label,NeedManualLabel,12572
DDoS-ICMP_Fragmentation9.pcap_Flow.csv,Flow-Based,DDoS,DDoS-ICMP-Fragmentation9,Label,NeedManualLabel,20380
DoS-SYN_Flood.pcap_Flow.csv,Flow-Based,DoS,DoS-SYN-Flood,Label,NeedManualLabel,30000
DoS-SYN_Flood1.pcap_Flow.csv,Flow-Based,DoS,DoS-SYN-Flood1,Label,NeedManualLabel,30000
DoS-SYN_Flood2.pcap_Flow.csv,Flow-Based,DoS,DoS-SYN-Flood2,Label,NeedManualLabel,30000
DoS-SYN_Flood3.pcap_Flow.csv,Flow-Based,DoS,DoS-SYN-Flood3,Label,NeedManualLabel,30000
DoS-SYN_Flood4.pcap_Flow.csv,Flow-Based,DoS,DoS-SYN-Flood4,Label,NeedManualLabel,30000
DoS-SYN_Flood5.pcap_Flow.csv,Flow-Based,DoS,DoS-SYN-Flood5,Label,NeedManualLabel,30000
DoS-SYN_Flood6.pcap_Flow.csv,Flow-Based,DoS,DoS-SYN-Flood6,Label,NeedManualLabel,30000
DoS-SYN_Flood7.pcap_Flow.csv,Flow-Based,DoS,DoS-SYN-Flood7,Label,NeedManualLabel,30000
DoS-HTTP_Flood.pcap_Flow.csv,Flow-Based,DoS,DoS-HTTP-Flood,Label,NeedManualLabel,30000
DoS-HTTP_Flood1.pcap_Flow.csv,Flow-Based,DoS,DoS-HTTP-Flood1,Label,NeedManualLabel,30000
DoS-UDP_Flood.pcap_Flow.csv,Flow-Based,DoS,DoS-UDP-Flood,Label,NeedManualLabel,30000
DoS-UDP_Flood10.pcap_Flow.csv,Flow-Based,DoS,DoS-UDP-Flood10,Label,NeedManualLabel,30000
DoS-UDP_Flood11.pcap_Flow.csv,Flow-Based,DoS,DoS-UDP-Flood11,Label,NeedManualLabel,30000
DoS-UDP_Flood12.pcap_Flow.csv,Flow-Based,DoS,DoS-UDP-Flood12,Label,NeedManualLabel,30000
DoS-UDP_Flood13.pcap_Flow.csv,Flow-Based,DoS,DoS-UDP-Flood13,Label,NeedManualLabel,30000
DoS-UDP_Flood14.pcap_Flow.csv,Flow-Based,DoS,DoS-UDP-Flood14,Label,NeedManualLabel,30000
DoS-UDP_Flood15.pcap_Flow.csv,Flow-Based,DoS,DoS-UDP-Flood15,Label,NeedManualLabel,30000
DoS-UDP_Flood16.pcap_Flow.csv,Flow-Based,DoS,DoS-UDP-Flood16,Label,NeedManualLabel,30000
DoS-UDP_Flood3.pcap_Flow.csv,Flow-Based,DoS,DoS-UDP-Flood3,Label,NeedManualLabel,30000
DoS-UDP_Flood4.pcap_Flow.csv,Flow-Based,DoS,DoS-UDP-Flood4,Label,NeedManualLabel,30000
DoS-UDP_Flood5.pcap_Flow.csv,Flow-Based,DoS,DoS-UDP-Flood5,Label,NeedManualLabel,30000
DoS-UDP_Flood6.pcap_Flow.csv,Flow-Based,DoS,DoS-UDP-Flood6,Label,NeedManualLabel,30000
DoS-UDP_Flood7.pcap_Flow.csv,Flow-Based,DoS,DoS-UDP-Flood7,Label,NeedManualLabel,30000
DoS-UDP_Flood8.pcap_Flow.csv,Flow-Based,DoS,DoS-UDP-Flood8,Label,NeedManualLabel,30000
DoS-UDP_Flood9.pcap_Flow.csv,Flow-Based,DoS,DoS-UDP-Flood9,Label,NeedManualLabel,30000
Mirai-greeth_flood.pcap_Flow.csv,Flow-Based,Mirai,Mirai-greeth-flood,Label,NeedManualLabel,5172
Mirai-greeth_flood1.pcap_Flow.csv,Flow-Based,Mirai,Mirai-greeth-flood1,Label,NeedManualLabel,10856
Mirai-greeth_flood10.pcap_Flow.csv,Flow-Based,Mirai,Mirai-greeth-flood10,Label,NeedManualLabel,8187
Mirai-greeth_flood11.pcap_Flow.csv,Flow-Based,Mirai,Mirai-greeth-flood11,Label,NeedManualLabel,8377
Mirai-greeth_flood12.pcap_Flow.csv,Flow-Based,Mirai,Mirai-greeth-flood12,Label,NeedManualLabel,6423
Mirai-greeth_flood13.pcap_Flow.csv,Flow-Based,Mirai,Mirai-greeth-flood13,Label,NeedManualLabel,10306
Mirai-greeth_flood14.pcap_Flow.csv,Flow-Based,Mirai,Mirai-greeth-flood14,Label,NeedManualLabel,2977
Mirai-greeth_flood15.pcap_Flow.csv,Flow-Based,Mirai,Mirai-greeth-flood15,Label,NeedManualLabel,3247
Mirai-greeth_flood16.pcap_Flow.csv,Flow-Based,Mirai,Mirai-greeth-flood16,Label,NeedManualLabel,4438
Mirai-greeth_flood17.pcap_Flow.csv,Flow-Based,Mirai,Mirai-greeth-flood17,Label,NeedManualLabel,2790
Mirai-greeth_flood18.pcap_Flow.csv,Flow-Based,Mirai,Mirai-greeth-flood18,Label,NeedManualLabel,3265
Mirai-greeth_flood19.pcap_Flow.csv,Flow-Based,Mirai,Mirai-greeth-flood19,Label,NeedManualLabel,3481
Mirai-greeth_flood2.pcap_Flow.csv,Flow-Based,Mirai,Mirai-greeth-flood2,Label,NeedManualLabel,4071
Mirai-greeth_flood20.pcap_Flow.csv,Flow-Based,Mirai,Mirai-greeth-flood20,Label,NeedManualLabel,4100
Mirai-greeth_flood21.pcap_Flow.csv,Flow-Based,Mirai,Mirai-greeth-flood21,Label,NeedManualLabel,4507
Mirai-greeth_flood22.pcap_Flow.csv,Flow-Based,Mirai,Mirai-greeth-flood22,Label,NeedManualLabel,6609
Mirai-greeth_flood23.pcap_Flow.csv,Flow-Based,Mirai,Mirai-greeth-flood23,Label,NeedManualLabel,4572
Mirai-greeth_flood24.pcap_Flow.csv,Flow-Based,Mirai,Mirai-greeth-flood24,Label,NeedManualLabel,2546
Mirai-greeth_flood25.pcap_Flow.csv,Flow-Based,Mirai,Mirai-greeth-flood25,Label,NeedManualLabel,2500
Mirai-greeth_flood26.pcap_Flow.csv,Flow-Based,Mirai,Mirai-greeth-flood26,Label,NeedManualLabel,5482
Mirai-greeth_flood27.pcap_Flow.csv,Flow-Based,Mirai,Mirai-greeth-flood27,Label,NeedManualLabel,7602
Mirai-greeth_flood28.pcap_Flow.csv,Flow-Based,Mirai,Mirai-greeth-flood28,Label,NeedManualLabel,8451
Mirai-greeth_flood3.pcap_Flow.csv,Flow-Based,Mirai,Mirai-greeth-flood3,Label,NeedManualLabel,4647
Mirai-greeth_flood4.pcap_Flow.csv,Flow-Based,Mirai,Mirai-greeth-flood4,Label,NeedManualLabel,9012
Mirai-greeth_flood5.pcap_Flow.csv,Flow-Based,Mirai,Mirai-greeth-flood5,Label,NeedManualLabel,3873
Mirai-greeth_flood6.pcap_Flow.csv,Flow-Based,Mirai,Mirai-greeth-flood6,Label,NeedManualLabel,11786
Mirai-greeth_flood7.pcap_Flow.csv,Flow-Based,Mirai,Mirai-greeth-flood7,Label,NeedManualLabel,7789
Mirai-greeth_flood8.pcap_Flow.csv,Flow-Based,Mirai,Mirai-greeth-flood8,Label,NeedManualLabel,5443
Mirai-greeth_flood9.pcap_Flow.csv,Flow-Based,Mirai,Mirai-greeth-flood9,Label,NeedManualLabel,12079
VulnerabilityScan.pcap_Flow.csv,Flow-Based,Recon,VulnerabilityScan,Label,NeedManualLabel,30000
MITM-ArpSpoofing.pcap_Flow.csv,Flow-Based,Spoofing,MITM-ArpSpoofing,Label,NeedManualLabel,30000
MITM-ArpSpoofing1.pcap_Flow.csv,Flow-Based,Spoofing,MITM-ArpSpoofing1,Label,NeedManualLabel,9349
DNS_Spoofing.pcap_Flow.csv,Flow-Based,Spoofing,DNS-Spoofing,Label,NeedManualLabel,30000
SqlInjection.pcap_Flow.csv,Flow-Based,Web-Based,SqlInjection,Label,NeedManualLabel,6603
Uploading_Attack.pcap_Flow.csv,Flow-Based,Web-Based,Uploading-Attack,Label,NeedManualLabel,1348
XSS.pcap_Flow.csv,Flow-Based,Web-Based,XSS,Label,NeedManualLabel,3377
BenignTraffic.csv,Packet-Based,Benign,BenignTraffic,port_class_dst,1,11990
BenignTraffic.csv,Packet-Based,Benign,BenignTraffic,port_class_dst,3,9290
BenignTraffic.csv,Packet-Based,Benign,BenignTraffic,port_class_dst,2,8054
BenignTraffic.csv,Packet-Based,Benign,BenignTraffic,port_class_dst,0,666
BenignTraffic1.csv,Packet-Based,Benign,BenignTraffic1,port_class_dst,2,13623
BenignTraffic1.csv,Packet-Based,Benign,BenignTraffic1,port_class_dst,1,13127
BenignTraffic1.csv,Packet-Based,Benign,BenignTraffic1,port_class_dst,3,3022
BenignTraffic1.csv,Packet-Based,Benign,BenignTraffic1,port_class_dst,0,228
BenignTraffic2.csv,Packet-Based,Benign,BenignTraffic2,port_class_dst,2,13254
BenignTraffic2.csv,Packet-Based,Benign,BenignTraffic2,port_class_dst,1,12307
BenignTraffic2.csv,Packet-Based,Benign,BenignTraffic2,port_class_dst,3,4158
BenignTraffic2.csv,Packet-Based,Benign,BenignTraffic2,port_class_dst,0,281
BenignTraffic3.csv,Packet-Based,Benign,BenignTraffic3,port_class_dst,1,13166
BenignTraffic3.csv,Packet-Based,Benign,BenignTraffic3,port_class_dst,3,9915
BenignTraffic3.csv,Packet-Based,Benign,BenignTraffic3,port_class_dst,2,6732
BenignTraffic3.csv,Packet-Based,Benign,BenignTraffic3,port_class_dst,0,187
DictionaryBruteForce.csv,Packet-Based,Brute Force,DictionaryBruteForce,port_class_dst,2,10987
DictionaryBruteForce.csv,Packet-Based,Brute Force,DictionaryBruteForce,port_class_dst,1,9855
DictionaryBruteForce.csv,Packet-Based,Brute Force,DictionaryBruteForce,port_class_dst,3,8464
DictionaryBruteForce.csv,Packet-Based,Brute Force,DictionaryBruteForce,port_class_dst,0,694
DDoS-ACK_Fragmentation.csv,Packet-Based,DDoS,DDoS-ACK-Fragmentation,port_class_dst,0,15706
DDoS-ACK_Fragmentation.csv,Packet-Based,DDoS,DDoS-ACK-Fragmentation,port_class_dst,1,12942
DDoS-ACK_Fragmentation.csv,Packet-Based,DDoS,DDoS-ACK-Fragmentation,port_class_dst,2,964
DDoS-ACK_Fragmentation.csv,Packet-Based,DDoS,DDoS-ACK-Fragmentation,port_class_dst,3,388
DDoS-ACK_Fragmentation1.csv,Packet-Based,DDoS,DDoS-ACK-Fragmentation1,port_class_dst,2,14832
DDoS-ACK_Fragmentation1.csv,Packet-Based,DDoS,DDoS-ACK-Fragmentation1,port_class_dst,0,14161
DDoS-ACK_Fragmentation1.csv,Packet-Based,DDoS,DDoS-ACK-Fragmentation1,port_class_dst,3,535
DDoS-ACK_Fragmentation1.csv,Packet-Based,DDoS,DDoS-ACK-Fragmentation1,port_class_dst,1,472
DDoS-ACK_Fragmentation10.csv,Packet-Based,DDoS,DDoS-ACK-Fragmentation10,port_class_dst,2,14981
DDoS-ACK_Fragmentation10.csv,Packet-Based,DDoS,DDoS-ACK-Fragmentation10,port_class_dst,0,14598
DDoS-ACK_Fragmentation10.csv,Packet-Based,DDoS,DDoS-ACK-Fragmentation10,port_class_dst,3,256
DDoS-ACK_Fragmentation10.csv,Packet-Based,DDoS,DDoS-ACK-Fragmentation10,port_class_dst,1,165
DDoS-ACK_Fragmentation11.csv,Packet-Based,DDoS,DDoS-ACK-Fragmentation11,port_class_dst,2,14923
DDoS-ACK_Fragmentation11.csv,Packet-Based,DDoS,DDoS-ACK-Fragmentation11,port_class_dst,0,11686
DDoS-ACK_Fragmentation11.csv,Packet-Based,DDoS,DDoS-ACK-Fragmentation11,port_class_dst,3,1869
DDoS-ACK_Fragmentation11.csv,Packet-Based,DDoS,DDoS-ACK-Fragmentation11,port_class_dst,1,1522
DDoS-ACK_Fragmentation12.csv,Packet-Based,DDoS,DDoS-ACK-Fragmentation12,port_class_dst,0,14774
DDoS-ACK_Fragmentation12.csv,Packet-Based,DDoS,DDoS-ACK-Fragmentation12,port_class_dst,3,14741
DDoS-ACK_Fragmentation12.csv,Packet-Based,DDoS,DDoS-ACK-Fragmentation12,port_class_dst,2,295
DDoS-ACK_Fragmentation12.csv,Packet-Based,DDoS,DDoS-ACK-Fragmentation12,port_class_dst,1,190
DDoS-ACK_Fragmentation2.csv,Packet-Based,DDoS,DDoS-ACK-Fragmentation2,port_class_dst,2,14938
DDoS-ACK_Fragmentation2.csv,Packet-Based,DDoS,DDoS-ACK-Fragmentation2,port_class_dst,0,14738
DDoS-ACK_Fragmentation2.csv,Packet-Based,DDoS,DDoS-ACK-Fragmentation2,port_class_dst,1,183
DDoS-ACK_Fragmentation2.csv,Packet-Based,DDoS,DDoS-ACK-Fragmentation2,port_class_dst,3,141
DDoS-ACK_Fragmentation3.csv,Packet-Based,DDoS,DDoS-ACK-Fragmentation3,port_class_dst,2,14819
DDoS-ACK_Fragmentation3.csv,Packet-Based,DDoS,DDoS-ACK-Fragmentation3,port_class_dst,0,14795
DDoS-ACK_Fragmentation3.csv,Packet-Based,DDoS,DDoS-ACK-Fragmentation3,port_class_dst,1,235
DDoS-ACK_Fragmentation3.csv,Packet-Based,DDoS,DDoS-ACK-Fragmentation3,port_class_dst,3,151
DDoS-ACK_Fragmentation4.csv,Packet-Based,DDoS,DDoS-ACK-Fragmentation4,port_class_dst,1,11046
DDoS-ACK_Fragmentation4.csv,Packet-Based,DDoS,DDoS-ACK-Fragmentation4,port_class_dst,0,10778
DDoS-ACK_Fragmentation4.csv,Packet-Based,DDoS,DDoS-ACK-Fragmentation4,port_class_dst,2,5435
DDoS-ACK_Fragmentation4.csv,Packet-Based,DDoS,DDoS-ACK-Fragmentation4,port_class_dst,3,2741
DDoS-ACK_Fragmentation5.csv,Packet-Based,DDoS,DDoS-ACK-Fragmentation5,port_class_dst,0,14963
DDoS-ACK_Fragmentation5.csv,Packet-Based,DDoS,DDoS-ACK-Fragmentation5,port_class_dst,2,14848
DDoS-ACK_Fragmentation5.csv,Packet-Based,DDoS,DDoS-ACK-Fragmentation5,port_class_dst,1,101
DDoS-ACK_Fragmentation5.csv,Packet-Based,DDoS,DDoS-ACK-Fragmentation5,port_class_dst,3,88
DDoS-ACK_Fragmentation6.csv,Packet-Based,DDoS,DDoS-ACK-Fragmentation6,port_class_dst,2,14995
DDoS-ACK_Fragmentation6.csv,Packet-Based,DDoS,DDoS-ACK-Fragmentation6,port_class_dst,0,14759
DDoS-ACK_Fragmentation6.csv,Packet-Based,DDoS,DDoS-ACK-Fragmentation6,port_class_dst,3,136
DDoS-ACK_Fragmentation6.csv,Packet-Based,DDoS,DDoS-ACK-Fragmentation6,port_class_dst,1,110
DDoS-ACK_Fragmentation7.csv,Packet-Based,DDoS,DDoS-ACK-Fragmentation7,port_class_dst,2,14990
DDoS-ACK_Fragmentation7.csv,Packet-Based,DDoS,DDoS-ACK-Fragmentation7,port_class_dst,0,14708
DDoS-ACK_Fragmentation7.csv,Packet-Based,DDoS,DDoS-ACK-Fragmentation7,port_class_dst,1,167
DDoS-ACK_Fragmentation7.csv,Packet-Based,DDoS,DDoS-ACK-Fragmentation7,port_class_dst,3,135
DDoS-ACK_Fragmentation8.csv,Packet-Based,DDoS,DDoS-ACK-Fragmentation8,port_class_dst,2,14901
DDoS-ACK_Fragmentation8.csv,Packet-Based,DDoS,DDoS-ACK-Fragmentation8,port_class_dst,0,14624
DDoS-ACK_Fragmentation8.csv,Packet-Based,DDoS,DDoS-ACK-Fragmentation8,port_class_dst,1,342
DDoS-ACK_Fragmentation8.csv,Packet-Based,DDoS,DDoS-ACK-Fragmentation8,port_class_dst,3,133
DDoS-ACK_Fragmentation9.csv,Packet-Based,DDoS,DDoS-ACK-Fragmentation9,port_class_dst,1,14784
DDoS-ACK_Fragmentation9.csv,Packet-Based,DDoS,DDoS-ACK-Fragmentation9,port_class_dst,0,12190
DDoS-ACK_Fragmentation9.csv,Packet-Based,DDoS,DDoS-ACK-Fragmentation9,port_class_dst,3,2088
DDoS-ACK_Fragmentation9.csv,Packet-Based,DDoS,DDoS-ACK-Fragmentation9,port_class_dst,2,938
DDoS-HTTP_Flood-.csv,Packet-Based,DDoS,DDoS-HTTP-Flood,port_class_dst,1,22589
DDoS-HTTP_Flood-.csv,Packet-Based,DDoS,DDoS-HTTP-Flood,port_class_dst,3,5447
DDoS-HTTP_Flood-.csv,Packet-Based,DDoS,DDoS-HTTP-Flood,port_class_dst,2,1932
DDoS-HTTP_Flood-.csv,Packet-Based,DDoS,DDoS-HTTP-Flood,port_class_dst,0,32
DDoS-ICMP_Fragmentation.csv,Packet-Based,DDoS,DDoS-ICMP-Fragmentation,port_class_dst,0,23722
DDoS-ICMP_Fragmentation.csv,Packet-Based,DDoS,DDoS-ICMP-Fragmentation,port_class_dst,1,2955
DDoS-ICMP_Fragmentation.csv,Packet-Based,DDoS,DDoS-ICMP-Fragmentation,port_class_dst,3,1873
DDoS-ICMP_Fragmentation.csv,Packet-Based,DDoS,DDoS-ICMP-Fragmentation,port_class_dst,2,1450
DDoS-ICMP_Fragmentation1.csv,Packet-Based,DDoS,DDoS-ICMP-Fragmentation1,port_class_dst,0,26606
DDoS-ICMP_Fragmentation1.csv,Packet-Based,DDoS,DDoS-ICMP-Fragmentation1,port_class_dst,2,1480
DDoS-ICMP_Fragmentation1.csv,Packet-Based,DDoS,DDoS-ICMP-Fragmentation1,port_class_dst,1,1236
DDoS-ICMP_Fragmentation1.csv,Packet-Based,DDoS,DDoS-ICMP-Fragmentation1,port_class_dst,3,678
DDoS-ICMP_Fragmentation10.csv,Packet-Based,DDoS,DDoS-ICMP-Fragmentation10,port_class_dst,0,29243
DDoS-ICMP_Fragmentation10.csv,Packet-Based,DDoS,DDoS-ICMP-Fragmentation10,port_class_dst,1,260
DDoS-ICMP_Fragmentation10.csv,Packet-Based,DDoS,DDoS-ICMP-Fragmentation10,port_class_dst,2,254
DDoS-ICMP_Fragmentation10.csv,Packet-Based,DDoS,DDoS-ICMP-Fragmentation10,port_class_dst,3,243
DDoS-ICMP_Fragmentation11.csv,Packet-Based,DDoS,DDoS-ICMP-Fragmentation11,port_class_dst,0,29087
DDoS-ICMP_Fragmentation11.csv,Packet-Based,DDoS,DDoS-ICMP-Fragmentation11,port_class_dst,2,355
DDoS-ICMP_Fragmentation11.csv,Packet-Based,DDoS,DDoS-ICMP-Fragmentation11,port_class_dst,1,281
DDoS-ICMP_Fragmentation11.csv,Packet-Based,DDoS,DDoS-ICMP-Fragmentation11,port_class_dst,3,277
DDoS-ICMP_Fragmentation12.csv,Packet-Based,DDoS,DDoS-ICMP-Fragmentation12,port_class_dst,0,28475
DDoS-ICMP_Fragmentation12.csv,Packet-Based,DDoS,DDoS-ICMP-Fragmentation12,port_class_dst,2,799
DDoS-ICMP_Fragmentation12.csv,Packet-Based,DDoS,DDoS-ICMP-Fragmentation12,port_class_dst,1,420
DDoS-ICMP_Fragmentation12.csv,Packet-Based,DDoS,DDoS-ICMP-Fragmentation12,port_class_dst,3,306
DDoS-ICMP_Fragmentation13.csv,Packet-Based,DDoS,DDoS-ICMP-Fragmentation13,port_class_dst,0,29130
DDoS-ICMP_Fragmentation13.csv,Packet-Based,DDoS,DDoS-ICMP-Fragmentation13,port_class_dst,1,392
DDoS-ICMP_Fragmentation13.csv,Packet-Based,DDoS,DDoS-ICMP-Fragmentation13,port_class_dst,2,280
DDoS-ICMP_Fragmentation13.csv,Packet-Based,DDoS,DDoS-ICMP-Fragmentation13,port_class_dst,3,198
DDoS-ICMP_Fragmentation14.csv,Packet-Based,DDoS,DDoS-ICMP-Fragmentation14,port_class_dst,0,29445
DDoS-ICMP_Fragmentation14.csv,Packet-Based,DDoS,DDoS-ICMP-Fragmentation14,port_class_dst,2,197
DDoS-ICMP_Fragmentation14.csv,Packet-Based,DDoS,DDoS-ICMP-Fragmentation14,port_class_dst,3,182
DDoS-ICMP_Fragmentation14.csv,Packet-Based,DDoS,DDoS-ICMP-Fragmentation14,port_class_dst,1,176
DDoS-ICMP_Fragmentation15.csv,Packet-Based,DDoS,DDoS-ICMP-Fragmentation15,port_class_dst,0,24497
DDoS-ICMP_Fragmentation15.csv,Packet-Based,DDoS,DDoS-ICMP-Fragmentation15,port_class_dst,3,2073
DDoS-ICMP_Fragmentation15.csv,Packet-Based,DDoS,DDoS-ICMP-Fragmentation15,port_class_dst,2,1762
DDoS-ICMP_Fragmentation15.csv,Packet-Based,DDoS,DDoS-ICMP-Fragmentation15,port_class_dst,1,1668
DDoS-ICMP_Fragmentation16.csv,Packet-Based,DDoS,DDoS-ICMP-Fragmentation16,port_class_dst,0,29457
DDoS-ICMP_Fragmentation16.csv,Packet-Based,DDoS,DDoS-ICMP-Fragmentation16,port_class_dst,1,243
DDoS-ICMP_Fragmentation16.csv,Packet-Based,DDoS,DDoS-ICMP-Fragmentation16,port_class_dst,2,237
DDoS-ICMP_Fragmentation16.csv,Packet-Based,DDoS,DDoS-ICMP-Fragmentation16,port_class_dst,3,63
DDoS-ICMP_Fragmentation17.csv,Packet-Based,DDoS,DDoS-ICMP-Fragmentation17,port_class_dst,0,28106
DDoS-ICMP_Fragmentation17.csv,Packet-Based,DDoS,DDoS-ICMP-Fragmentation17,port_class_dst,1,757
DDoS-ICMP_Fragmentation17.csv,Packet-Based,DDoS,DDoS-ICMP-Fragmentation17,port_class_dst,3,656
DDoS-ICMP_Fragmentation17.csv,Packet-Based,DDoS,DDoS-ICMP-Fragmentation17,port_class_dst,2,481
DDoS-ICMP_Fragmentation18.csv,Packet-Based,DDoS,DDoS-ICMP-Fragmentation18,port_class_dst,3,15150
DDoS-ICMP_Fragmentation18.csv,Packet-Based,DDoS,DDoS-ICMP-Fragmentation18,port_class_dst,1,8165
DDoS-ICMP_Fragmentation18.csv,Packet-Based,DDoS,DDoS-ICMP-Fragmentation18,port_class_dst,2,6544
DDoS-ICMP_Fragmentation18.csv,Packet-Based,DDoS,DDoS-ICMP-Fragmentation18,port_class_dst,0,141
DDoS-ICMP_Fragmentation19.csv,Packet-Based,DDoS,DDoS-ICMP-Fragmentation19,port_class_dst,0,29618
DDoS-ICMP_Fragmentation19.csv,Packet-Based,DDoS,DDoS-ICMP-Fragmentation19,port_class_dst,1,179
DDoS-ICMP_Fragmentation19.csv,Packet-Based,DDoS,DDoS-ICMP-Fragmentation19,port_class_dst,3,127
DDoS-ICMP_Fragmentation19.csv,Packet-Based,DDoS,DDoS-ICMP-Fragmentation19,port_class_dst,2,76
DDoS-ICMP_Fragmentation2.csv,Packet-Based,DDoS,DDoS-ICMP-Fragmentation2,port_class_dst,0,26796
DDoS-ICMP_Fragmentation2.csv,Packet-Based,DDoS,DDoS-ICMP-Fragmentation2,port_class_dst,1,1268
DDoS-ICMP_Fragmentation2.csv,Packet-Based,DDoS,DDoS-ICMP-Fragmentation2,port_class_dst,2,1248
DDoS-ICMP_Fragmentation2.csv,Packet-Based,DDoS,DDoS-ICMP-Fragmentation2,port_class_dst,3,688
DDoS-ICMP_Fragmentation20.csv,Packet-Based,DDoS,DDoS-ICMP-Fragmentation20,port_class_dst,0,29153
DDoS-ICMP_Fragmentation20.csv,Packet-Based,DDoS,DDoS-ICMP-Fragmentation20,port_class_dst,1,385
DDoS-ICMP_Fragmentation20.csv,Packet-Based,DDoS,DDoS-ICMP-Fragmentation20,port_class_dst,2,316
DDoS-ICMP_Fragmentation20.csv,Packet-Based,DDoS,DDoS-ICMP-Fragmentation20,port_class_dst,3,146
DDoS-ICMP_Fragmentation3.csv,Packet-Based,DDoS,DDoS-ICMP-Fragmentation3,port_class_dst,0,28477
DDoS-ICMP_Fragmentation3.csv,Packet-Based,DDoS,DDoS-ICMP-Fragmentation3,port_class_dst,1,571
DDoS-ICMP_Fragmentation3.csv,Packet-Based,DDoS,DDoS-ICMP-Fragmentation3,port_class_dst,3,500
DDoS-ICMP_Fragmentation3.csv,Packet-Based,DDoS,DDoS-ICMP-Fragmentation3,port_class_dst,2,452
DDoS-ICMP_Fragmentation4.csv,Packet-Based,DDoS,DDoS-ICMP-Fragmentation4,port_class_dst,0,23038
DDoS-ICMP_Fragmentation4.csv,Packet-Based,DDoS,DDoS-ICMP-Fragmentation4,port_class_dst,2,3015
DDoS-ICMP_Fragmentation4.csv,Packet-Based,DDoS,DDoS-ICMP-Fragmentation4,port_class_dst,1,2264
DDoS-ICMP_Fragmentation4.csv,Packet-Based,DDoS,DDoS-ICMP-Fragmentation4,port_class_dst,3,1683
DDoS-ICMP_Fragmentation5.csv,Packet-Based,DDoS,DDoS-ICMP-Fragmentation5,port_class_dst,0,28542
DDoS-ICMP_Fragmentation5.csv,Packet-Based,DDoS,DDoS-ICMP-Fragmentation5,port_class_dst,2,590
DDoS-ICMP_Fragmentation5.csv,Packet-Based,DDoS,DDoS-ICMP-Fragmentation5,port_class_dst,1,441
DDoS-ICMP_Fragmentation5.csv,Packet-Based,DDoS,DDoS-ICMP-Fragmentation5,port_class_dst,3,427
DDoS-ICMP_Fragmentation6.csv,Packet-Based,DDoS,DDoS-ICMP-Fragmentation6,port_class_dst,0,29153
DDoS-ICMP_Fragmentation6.csv,Packet-Based,DDoS,DDoS-ICMP-Fragmentation6,port_class_dst,1,385
DDoS-ICMP_Fragmentation6.csv,Packet-Based,DDoS,DDoS-ICMP-Fragmentation6,port_class_dst,2,316
DDoS-ICMP_Fragmentation6.csv,Packet-Based,DDoS,DDoS-ICMP-Fragmentation6,port_class_dst,3,146
DDoS-ICMP_Fragmentation7.csv,Packet-Based,DDoS,DDoS-ICMP-Fragmentation7,port_class_dst,0,29425
DDoS-ICMP_Fragmentation7.csv,Packet-Based,DDoS,DDoS-ICMP-Fragmentation7,port_class_dst,2,269
DDoS-ICMP_Fragmentation7.csv,Packet-Based,DDoS,DDoS-ICMP-Fragmentation7,port_class_dst,1,247
DDoS-ICMP_Fragmentation7.csv,Packet-Based,DDoS,DDoS-ICMP-Fragmentation7,port_class_dst,3,59
DDoS-ICMP_Fragmentation8.csv,Packet-Based,DDoS,DDoS-ICMP-Fragmentation8,port_class_dst,0,29201
DDoS-ICMP_Fragmentation8.csv,Packet-Based,DDoS,DDoS-ICMP-Fragmentation8,port_class_dst,2,345
DDoS-ICMP_Fragmentation8.csv,Packet-Based,DDoS,DDoS-ICMP-Fragmentation8,port_class_dst,1,273
DDoS-ICMP_Fragmentation8.csv,Packet-Based,DDoS,DDoS-ICMP-Fragmentation8,port_class_dst,3,181
DDoS-ICMP_Fragmentation9.csv,Packet-Based,DDoS,DDoS-ICMP-Fragmentation9,port_class_dst,0,28983
DDoS-ICMP_Fragmentation9.csv,Packet-Based,DDoS,DDoS-ICMP-Fragmentation9,port_class_dst,2,404
DDoS-ICMP_Fragmentation9.csv,Packet-Based,DDoS,DDoS-ICMP-Fragmentation9,port_class_dst,1,367
DDoS-ICMP_Fragmentation9.csv,Packet-Based,DDoS,DDoS-ICMP-Fragmentation9,port_class_dst,3,246
DDoS-SlowLoris.csv,Packet-Based,DDoS,DDoS-SlowLoris,port_class_dst,1,13861
DDoS-SlowLoris.csv,Packet-Based,DDoS,DDoS-SlowLoris,port_class_dst,2,12739
DDoS-SlowLoris.csv,Packet-Based,DDoS,DDoS-SlowLoris,port_class_dst,3,3294
DDoS-SlowLoris.csv,Packet-Based,DDoS,DDoS-SlowLoris,port_class_dst,0,106
DDoS-SynonymousIP_Flood 1.csv,Packet-Based,DDoS,DDoS-SynonymousIP-Flood-1,port_class_dst,1,29935
DDoS-SynonymousIP_Flood 1.csv,Packet-Based,DDoS,DDoS-SynonymousIP-Flood-1,port_class_dst,2,58
DDoS-SynonymousIP_Flood 1.csv,Packet-Based,DDoS,DDoS-SynonymousIP-Flood-1,port_class_dst,0,4
DDoS-SynonymousIP_Flood 1.csv,Packet-Based,DDoS,DDoS-SynonymousIP-Flood-1,port_class_dst,3,3
DDoS-SynonymousIP_Flood.csv,Packet-Based,DDoS,DDoS-SynonymousIP-Flood,port_class_dst,2,27740
DDoS-SynonymousIP_Flood.csv,Packet-Based,DDoS,DDoS-SynonymousIP-Flood,port_class_dst,3,1183
DDoS-SynonymousIP_Flood.csv,Packet-Based,DDoS,DDoS-SynonymousIP-Flood,port_class_dst,1,1057
DDoS-SynonymousIP_Flood.csv,Packet-Based,DDoS,DDoS-SynonymousIP-Flood,port_class_dst,0,20
DDoS-SynonymousIP_Flood10.csv,Packet-Based,DDoS,DDoS-SynonymousIP-Flood10,port_class_dst,2,29969
DDoS-SynonymousIP_Flood10.csv,Packet-Based,DDoS,DDoS-SynonymousIP-Flood10,port_class_dst,3,18
DDoS-SynonymousIP_Flood10.csv,Packet-Based,DDoS,DDoS-SynonymousIP-Flood10,port_class_dst,1,13
DDoS-SynonymousIP_Flood11.csv,Packet-Based,DDoS,DDoS-SynonymousIP-Flood11,port_class_dst,2,29924
DDoS-SynonymousIP_Flood11.csv,Packet-Based,DDoS,DDoS-SynonymousIP-Flood11,port_class_dst,3,36
DDoS-SynonymousIP_Flood11.csv,Packet-Based,DDoS,DDoS-SynonymousIP-Flood11,port_class_dst,1,32
DDoS-SynonymousIP_Flood11.csv,Packet-Based,DDoS,DDoS-SynonymousIP-Flood11,port_class_dst,0,8
DDoS-SynonymousIP_Flood12.csv,Packet-Based,DDoS,DDoS-SynonymousIP-Flood12,port_class_dst,2,29969
DDoS-SynonymousIP_Flood12.csv,Packet-Based,DDoS,DDoS-SynonymousIP-Flood12,port_class_dst,1,15
DDoS-SynonymousIP_Flood12.csv,Packet-Based,DDoS,DDoS-SynonymousIP-Flood12,port_class_dst,3,10
DDoS-SynonymousIP_Flood12.csv,Packet-Based,DDoS,DDoS-SynonymousIP-Flood12,port_class_dst,0,6
DDoS-SynonymousIP_Flood13.csv,Packet-Based,DDoS,DDoS-SynonymousIP-Flood13,port_class_dst,3,29944
DDoS-SynonymousIP_Flood13.csv,Packet-Based,DDoS,DDoS-SynonymousIP-Flood13,port_class_dst,2,46
DDoS-SynonymousIP_Flood13.csv,Packet-Based,DDoS,DDoS-SynonymousIP-Flood13,port_class_dst,1,10
DDoS-SynonymousIP_Flood2.csv,Packet-Based,DDoS,DDoS-SynonymousIP-Flood2,port_class_dst,2,29958
DDoS-SynonymousIP_Flood2.csv,Packet-Based,DDoS,DDoS-SynonymousIP-Flood2,port_class_dst,1,22
DDoS-SynonymousIP_Flood2.csv,Packet-Based,DDoS,DDoS-SynonymousIP-Flood2,port_class_dst,3,20
DDoS-SynonymousIP_Flood3.csv,Packet-Based,DDoS,DDoS-SynonymousIP-Flood3,port_class_dst,2,29974
DDoS-SynonymousIP_Flood3.csv,Packet-Based,DDoS,DDoS-SynonymousIP-Flood3,port_class_dst,1,20
DDoS-SynonymousIP_Flood3.csv,Packet-Based,DDoS,DDoS-SynonymousIP-Flood3,port_class_dst,3,5
DDoS-SynonymousIP_Flood3.csv,Packet-Based,DDoS,DDoS-SynonymousIP-Flood3,port_class_dst,0,1
DDoS-SynonymousIP_Flood4.csv,Packet-Based,DDoS,DDoS-SynonymousIP-Flood4,port_class_dst,2,29966
DDoS-SynonymousIP_Flood4.csv,Packet-Based,DDoS,DDoS-SynonymousIP-Flood4,port_class_dst,1,21
DDoS-SynonymousIP_Flood4.csv,Packet-Based,DDoS,DDoS-SynonymousIP-Flood4,port_class_dst,3,9
DDoS-SynonymousIP_Flood4.csv,Packet-Based,DDoS,DDoS-SynonymousIP-Flood4,port_class_dst,0,4
DDoS-SynonymousIP_Flood5.csv,Packet-Based,DDoS,DDoS-SynonymousIP-Flood5,port_class_dst,1,29919
DDoS-SynonymousIP_Flood5.csv,Packet-Based,DDoS,DDoS-SynonymousIP-Flood5,port_class_dst,2,48
DDoS-SynonymousIP_Flood5.csv,Packet-Based,DDoS,DDoS-SynonymousIP-Flood5,port_class_dst,3,26
DDoS-SynonymousIP_Flood5.csv,Packet-Based,DDoS,DDoS-SynonymousIP-Flood5,port_class_dst,0,7
DDoS-SynonymousIP_Flood6.csv,Packet-Based,DDoS,DDoS-SynonymousIP-Flood6,port_class_dst,2,29958
DDoS-SynonymousIP_Flood6.csv,Packet-Based,DDoS,DDoS-SynonymousIP-Flood6,port_class_dst,3,21
DDoS-SynonymousIP_Flood6.csv,Packet-Based,DDoS,DDoS-SynonymousIP-Flood6,port_class_dst,1,21
DDoS-SynonymousIP_Flood7.csv,Packet-Based,DDoS,DDoS-SynonymousIP-Flood7,port_class_dst,1,29851
DDoS-SynonymousIP_Flood7.csv,Packet-Based,DDoS,DDoS-SynonymousIP-Flood7,port_class_dst,2,71
DDoS-SynonymousIP_Flood7.csv,Packet-Based,DDoS,DDoS-SynonymousIP-Flood7,port_class_dst,3,54
DDoS-SynonymousIP_Flood7.csv,Packet-Based,DDoS,DDoS-SynonymousIP-Flood7,port_class_dst,0,24
DDoS-SynonymousIP_Flood8.csv,Packet-Based,DDoS,DDoS-SynonymousIP-Flood8,port_class_dst,2,29913
DDoS-SynonymousIP_Flood8.csv,Packet-Based,DDoS,DDoS-SynonymousIP-Flood8,port_class_dst,3,46
DDoS-SynonymousIP_Flood8.csv,Packet-Based,DDoS,DDoS-SynonymousIP-Flood8,port_class_dst,1,40
DDoS-SynonymousIP_Flood8.csv,Packet-Based,DDoS,DDoS-SynonymousIP-Flood8,port_class_dst,0,1
DDoS-SynonymousIP_Flood9.csv,Packet-Based,DDoS,DDoS-SynonymousIP-Flood9,port_class_dst,2,29965
DDoS-SynonymousIP_Flood9.csv,Packet-Based,DDoS,DDoS-SynonymousIP-Flood9,port_class_dst,3,21
DDoS-SynonymousIP_Flood9.csv,Packet-Based,DDoS,DDoS-SynonymousIP-Flood9,port_class_dst,1,14
DDoS-TCP_Flood.csv,Packet-Based,DDoS,DDoS-TCP-Flood,port_class_dst,2,29873
DDoS-TCP_Flood.csv,Packet-Based,DDoS,DDoS-TCP-Flood,port_class_dst,1,88
DDoS-TCP_Flood.csv,Packet-Based,DDoS,DDoS-TCP-Flood,port_class_dst,3,39
DDoS-TCP_Flood1.csv,Packet-Based,DDoS,DDoS-TCP-Flood1,port_class_dst,3,29708
DDoS-TCP_Flood1.csv,Packet-Based,DDoS,DDoS-TCP-Flood1,port_class_dst,2,144
DDoS-TCP_Flood1.csv,Packet-Based,DDoS,DDoS-TCP-Flood1,port_class_dst,1,111
DDoS-TCP_Flood1.csv,Packet-Based,DDoS,DDoS-TCP-Flood1,port_class_dst,0,37
DDoS-TCP_Flood10.csv,Packet-Based,DDoS,DDoS-TCP-Flood10,port_class_dst,2,25352
DDoS-TCP_Flood10.csv,Packet-Based,DDoS,DDoS-TCP-Flood10,port_class_dst,1,2384
DDoS-TCP_Flood10.csv,Packet-Based,DDoS,DDoS-TCP-Flood10,port_class_dst,3,2221
DDoS-TCP_Flood10.csv,Packet-Based,DDoS,DDoS-TCP-Flood10,port_class_dst,0,43
DDoS-TCP_Flood11.csv,Packet-Based,DDoS,DDoS-TCP-Flood11,port_class_dst,2,29907
DDoS-TCP_Flood11.csv,Packet-Based,DDoS,DDoS-TCP-Flood11,port_class_dst,1,56
DDoS-TCP_Flood11.csv,Packet-Based,DDoS,DDoS-TCP-Flood11,port_class_dst,3,36
DDoS-TCP_Flood11.csv,Packet-Based,DDoS,DDoS-TCP-Flood11,port_class_dst,0,1
DDoS-TCP_Flood12.csv,Packet-Based,DDoS,DDoS-TCP-Flood12,port_class_dst,2,29797
DDoS-TCP_Flood12.csv,Packet-Based,DDoS,DDoS-TCP-Flood12,port_class_dst,1,136
DDoS-TCP_Flood12.csv,Packet-Based,DDoS,DDoS-TCP-Flood12,port_class_dst,3,47
DDoS-TCP_Flood12.csv,Packet-Based,DDoS,DDoS-TCP-Flood12,port_class_dst,0,20
DDoS-TCP_Flood13.csv,Packet-Based,DDoS,DDoS-TCP-Flood13,port_class_dst,3,29852
DDoS-TCP_Flood13.csv,Packet-Based,DDoS,DDoS-TCP-Flood13,port_class_dst,1,78
DDoS-TCP_Flood13.csv,Packet-Based,DDoS,DDoS-TCP-Flood13,port_class_dst,2,64
DDoS-TCP_Flood13.csv,Packet-Based,DDoS,DDoS-TCP-Flood13,port_class_dst,0,6
DDoS-TCP_Flood14.csv,Packet-Based,DDoS,DDoS-TCP-Flood14,port_class_dst,2,29762
DDoS-TCP_Flood14.csv,Packet-Based,DDoS,DDoS-TCP-Flood14,port_class_dst,1,125
DDoS-TCP_Flood14.csv,Packet-Based,DDoS,DDoS-TCP-Flood14,port_class_dst,3,67
DDoS-TCP_Flood14.csv,Packet-Based,DDoS,DDoS-TCP-Flood14,port_class_dst,0,46
DDoS-TCP_Flood15.csv,Packet-Based,DDoS,DDoS-TCP-Flood15,port_class_dst,3,29735
DDoS-TCP_Flood15.csv,Packet-Based,DDoS,DDoS-TCP-Flood15,port_class_dst,1,133
DDoS-TCP_Flood15.csv,Packet-Based,DDoS,DDoS-TCP-Flood15,port_class_dst,2,119
DDoS-TCP_Flood15.csv,Packet-Based,DDoS,DDoS-TCP-Flood15,port_class_dst,0,13
DDoS-TCP_Flood16.csv,Packet-Based,DDoS,DDoS-TCP-Flood16,port_class_dst,1,29685
DDoS-TCP_Flood16.csv,Packet-Based,DDoS,DDoS-TCP-Flood16,port_class_dst,2,192
DDoS-TCP_Flood16.csv,Packet-Based,DDoS,DDoS-TCP-Flood16,port_class_dst,3,108
DDoS-TCP_Flood16.csv,Packet-Based,DDoS,DDoS-TCP-Flood16,port_class_dst,0,15
DDoS-TCP_Flood17.csv,Packet-Based,DDoS,DDoS-TCP-Flood17,port_class_dst,3,29648
DDoS-TCP_Flood17.csv,Packet-Based,DDoS,DDoS-TCP-Flood17,port_class_dst,2,214
DDoS-TCP_Flood17.csv,Packet-Based,DDoS,DDoS-TCP-Flood17,port_class_dst,1,117
DDoS-TCP_Flood17.csv,Packet-Based,DDoS,DDoS-TCP-Flood17,port_class_dst,0,21
DDoS-TCP_Flood2.csv,Packet-Based,DDoS,DDoS-TCP-Flood2,port_class_dst,2,29853
DDoS-TCP_Flood2.csv,Packet-Based,DDoS,DDoS-TCP-Flood2,port_class_dst,1,98
DDoS-TCP_Flood2.csv,Packet-Based,DDoS,DDoS-TCP-Flood2,port_class_dst,3,48
DDoS-TCP_Flood2.csv,Packet-Based,DDoS,DDoS-TCP-Flood2,port_class_dst,0,1
DDoS-TCP_Flood3.csv,Packet-Based,DDoS,DDoS-TCP-Flood3,port_class_dst,2,29878
DDoS-TCP_Flood3.csv,Packet-Based,DDoS,DDoS-TCP-Flood3,port_class_dst,1,86
DDoS-TCP_Flood3.csv,Packet-Based,DDoS,DDoS-TCP-Flood3,port_class_dst,3,35
DDoS-TCP_Flood3.csv,Packet-Based,DDoS,DDoS-TCP-Flood3,port_class_dst,0,1
DDoS-TCP_Flood4.csv,Packet-Based,DDoS,DDoS-TCP-Flood4,port_class_dst,1,29783
DDoS-TCP_Flood4.csv,Packet-Based,DDoS,DDoS-TCP-Flood4,port_class_dst,2,160
DDoS-TCP_Flood4.csv,Packet-Based,DDoS,DDoS-TCP-Flood4,port_class_dst,3,39
DDoS-TCP_Flood4.csv,Packet-Based,DDoS,DDoS-TCP-Flood4,port_class_dst,0,18
DDoS-TCP_Flood5.csv,Packet-Based,DDoS,DDoS-TCP-Flood5,port_class_dst,1,29739
DDoS-TCP_Flood5.csv,Packet-Based,DDoS,DDoS-TCP-Flood5,port_class_dst,2,134
DDoS-TCP_Flood5.csv,Packet-Based,DDoS,DDoS-TCP-Flood5,port_class_dst,3,125
DDoS-TCP_Flood5.csv,Packet-Based,DDoS,DDoS-TCP-Flood5,port_class_dst,0,2
DDoS-TCP_Flood6.csv,Packet-Based,DDoS,DDoS-TCP-Flood6,port_class_dst,2,29818
DDoS-TCP_Flood6.csv,Packet-Based,DDoS,DDoS-TCP-Flood6,port_class_dst,1,106
DDoS-TCP_Flood6.csv,Packet-Based,DDoS,DDoS-TCP-Flood6,port_class_dst,3,71
DDoS-TCP_Flood6.csv,Packet-Based,DDoS,DDoS-TCP-Flood6,port_class_dst,0,5
DDoS-TCP_Flood7.csv,Packet-Based,DDoS,DDoS-TCP-Flood7,port_class_dst,2,29867
DDoS-TCP_Flood7.csv,Packet-Based,DDoS,DDoS-TCP-Flood7,port_class_dst,1,84
DDoS-TCP_Flood7.csv,Packet-Based,DDoS,DDoS-TCP-Flood7,port_class_dst,3,40
DDoS-TCP_Flood7.csv,Packet-Based,DDoS,DDoS-TCP-Flood7,port_class_dst,0,9
DDoS-TCP_Flood8.csv,Packet-Based,DDoS,DDoS-TCP-Flood8,port_class_dst,2,29879
DDoS-TCP_Flood8.csv,Packet-Based,DDoS,DDoS-TCP-Flood8,port_class_dst,1,92
DDoS-TCP_Flood8.csv,Packet-Based,DDoS,DDoS-TCP-Flood8,port_class_dst,3,29
DDoS-TCP_Flood9.csv,Packet-Based,DDoS,DDoS-TCP-Flood9,port_class_dst,2,29887
DDoS-TCP_Flood9.csv,Packet-Based,DDoS,DDoS-TCP-Flood9,port_class_dst,1,72
DDoS-TCP_Flood9.csv,Packet-Based,DDoS,DDoS-TCP-Flood9,port_class_dst,3,32
DDoS-TCP_Flood9.csv,Packet-Based,DDoS,DDoS-TCP-Flood9,port_class_dst,0,9
DDoS-UDP_Flood.csv,Packet-Based,DDoS,DDoS-UDP-Flood,port_class_dst,2,18745
DDoS-UDP_Flood.csv,Packet-Based,DDoS,DDoS-UDP-Flood,port_class_dst,3,10335
DDoS-UDP_Flood.csv,Packet-Based,DDoS,DDoS-UDP-Flood,port_class_dst,1,855
DDoS-UDP_Flood.csv,Packet-Based,DDoS,DDoS-UDP-Flood,port_class_dst,0,65
DDoS-UDP_Flood1.csv,Packet-Based,DDoS,DDoS-UDP-Flood1,port_class_dst,2,21227
DDoS-UDP_Flood1.csv,Packet-Based,DDoS,DDoS-UDP-Flood1,port_class_dst,3,8344
DDoS-UDP_Flood1.csv,Packet-Based,DDoS,DDoS-UDP-Flood1,port_class_dst,1,399
DDoS-UDP_Flood1.csv,Packet-Based,DDoS,DDoS-UDP-Flood1,port_class_dst,0,30
DDoS-UDP_Flood10.csv,Packet-Based,DDoS,DDoS-UDP-Flood10,port_class_dst,2,23338
DDoS-UDP_Flood10.csv,Packet-Based,DDoS,DDoS-UDP-Flood10,port_class_dst,3,5655
DDoS-UDP_Flood10.csv,Packet-Based,DDoS,DDoS-UDP-Flood10,port_class_dst,1,1003
DDoS-UDP_Flood10.csv,Packet-Based,DDoS,DDoS-UDP-Flood10,port_class_dst,0,4
DDoS-UDP_Flood11.csv,Packet-Based,DDoS,DDoS-UDP-Flood11,port_class_dst,2,21525
DDoS-UDP_Flood11.csv,Packet-Based,DDoS,DDoS-UDP-Flood11,port_class_dst,3,8422
DDoS-UDP_Flood11.csv,Packet-Based,DDoS,DDoS-UDP-Flood11,port_class_dst,1,27
DDoS-UDP_Flood11.csv,Packet-Based,DDoS,DDoS-UDP-Flood11,port_class_dst,0,26
DDoS-UDP_Flood12.csv,Packet-Based,DDoS,DDoS-UDP-Flood12,port_class_dst,2,22074
DDoS-UDP_Flood12.csv,Packet-Based,DDoS,DDoS-UDP-Flood12,port_class_dst,3,7658
DDoS-UDP_Flood12.csv,Packet-Based,DDoS,DDoS-UDP-Flood12,port_class_dst,0,234
DDoS-UDP_Flood12.csv,Packet-Based,DDoS,DDoS-UDP-Flood12,port_class_dst,1,34
DDoS-UDP_Flood13.csv,Packet-Based,DDoS,DDoS-UDP-Flood13,port_class_dst,2,18722
DDoS-UDP_Flood13.csv,Packet-Based,DDoS,DDoS-UDP-Flood13,port_class_dst,3,11232
DDoS-UDP_Flood13.csv,Packet-Based,DDoS,DDoS-UDP-Flood13,port_class_dst,1,42
DDoS-UDP_Flood13.csv,Packet-Based,DDoS,DDoS-UDP-Flood13,port_class_dst,0,4
DDoS-UDP_Flood14.csv,Packet-Based,DDoS,DDoS-UDP-Flood14,port_class_dst,2,21010
DDoS-UDP_Flood14.csv,Packet-Based,DDoS,DDoS-UDP-Flood14,port_class_dst,3,6890
DDoS-UDP_Flood14.csv,Packet-Based,DDoS,DDoS-UDP-Flood14,port_class_dst,1,2011
DDoS-UDP_Flood14.csv,Packet-Based,DDoS,DDoS-UDP-Flood14,port_class_dst,0,89
DDoS-UDP_Flood15.csv,Packet-Based,DDoS,DDoS-UDP-Flood15,port_class_dst,2,19428
DDoS-UDP_Flood15.csv,Packet-Based,DDoS,DDoS-UDP-Flood15,port_class_dst,3,9564
DDoS-UDP_Flood15.csv,Packet-Based,DDoS,DDoS-UDP-Flood15,port_class_dst,1,996
DDoS-UDP_Flood15.csv,Packet-Based,DDoS,DDoS-UDP-Flood15,port_class_dst,0,12
DDoS-UDP_Flood16.csv,Packet-Based,DDoS,DDoS-UDP-Flood16,port_class_dst,2,23770
DDoS-UDP_Flood16.csv,Packet-Based,DDoS,DDoS-UDP-Flood16,port_class_dst,3,6136
DDoS-UDP_Flood16.csv,Packet-Based,DDoS,DDoS-UDP-Flood16,port_class_dst,1,65
DDoS-UDP_Flood16.csv,Packet-Based,DDoS,DDoS-UDP-Flood16,port_class_dst,0,29
DDoS-UDP_Flood17.csv,Packet-Based,DDoS,DDoS-UDP-Flood17,port_class_dst,2,25071
DDoS-UDP_Flood17.csv,Packet-Based,DDoS,DDoS-UDP-Flood17,port_class_dst,3,4777
DDoS-UDP_Flood17.csv,Packet-Based,DDoS,DDoS-UDP-Flood17,port_class_dst,1,112
DDoS-UDP_Flood17.csv,Packet-Based,DDoS,DDoS-UDP-Flood17,port_class_dst,0,40
DDoS-UDP_Flood18.csv,Packet-Based,DDoS,DDoS-UDP-Flood18,port_class_dst,2,20666
DDoS-UDP_Flood18.csv,Packet-Based,DDoS,DDoS-UDP-Flood18,port_class_dst,3,8662
DDoS-UDP_Flood18.csv,Packet-Based,DDoS,DDoS-UDP-Flood18,port_class_dst,1,659
DDoS-UDP_Flood18.csv,Packet-Based,DDoS,DDoS-UDP-Flood18,port_class_dst,0,13
DDoS-UDP_Flood19.csv,Packet-Based,DDoS,DDoS-UDP-Flood19,port_class_dst,2,20524
DDoS-UDP_Flood19.csv,Packet-Based,DDoS,DDoS-UDP-Flood19,port_class_dst,3,9150
DDoS-UDP_Flood19.csv,Packet-Based,DDoS,DDoS-UDP-Flood19,port_class_dst,1,202
DDoS-UDP_Flood19.csv,Packet-Based,DDoS,DDoS-UDP-Flood19,port_class_dst,0,124
DDoS-UDP_Flood2.csv,Packet-Based,DDoS,DDoS-UDP-Flood2,port_class_dst,2,22575
DDoS-UDP_Flood2.csv,Packet-Based,DDoS,DDoS-UDP-Flood2,port_class_dst,3,6561
DDoS-UDP_Flood2.csv,Packet-Based,DDoS,DDoS-UDP-Flood2,port_class_dst,1,821
DDoS-UDP_Flood2.csv,Packet-Based,DDoS,DDoS-UDP-Flood2,port_class_dst,0,43
DDoS-UDP_Flood20.csv,Packet-Based,DDoS,DDoS-UDP-Flood20,port_class_dst,2,21509
DDoS-UDP_Flood20.csv,Packet-Based,DDoS,DDoS-UDP-Flood20,port_class_dst,3,7807
DDoS-UDP_Flood20.csv,Packet-Based,DDoS,DDoS-UDP-Flood20,port_class_dst,1,666
DDoS-UDP_Flood20.csv,Packet-Based,DDoS,DDoS-UDP-Flood20,port_class_dst,0,18
DDoS-UDP_Flood3.csv,Packet-Based,DDoS,DDoS-UDP-Flood3,port_class_dst,2,21924
DDoS-UDP_Flood3.csv,Packet-Based,DDoS,DDoS-UDP-Flood3,port_class_dst,3,8020
DDoS-UDP_Flood3.csv,Packet-Based,DDoS,DDoS-UDP-Flood3,port_class_dst,1,51
DDoS-UDP_Flood3.csv,Packet-Based,DDoS,DDoS-UDP-Flood3,port_class_dst,0,5
DDoS-UDP_Flood4.csv,Packet-Based,DDoS,DDoS-UDP-Flood4,port_class_dst,2,21868
DDoS-UDP_Flood4.csv,Packet-Based,DDoS,DDoS-UDP-Flood4,port_class_dst,3,8019
DDoS-UDP_Flood4.csv,Packet-Based,DDoS,DDoS-UDP-Flood4,port_class_dst,1,106
DDoS-UDP_Flood4.csv,Packet-Based,DDoS,DDoS-UDP-Flood4,port_class_dst,0,7
DDoS-UDP_Flood5.csv,Packet-Based,DDoS,DDoS-UDP-Flood5,port_class_dst,2,20693
DDoS-UDP_Flood5.csv,Packet-Based,DDoS,DDoS-UDP-Flood5,port_class_dst,3,8360
DDoS-UDP_Flood5.csv,Packet-Based,DDoS,DDoS-UDP-Flood5,port_class_dst,1,945
DDoS-UDP_Flood5.csv,Packet-Based,DDoS,DDoS-UDP-Flood5,port_class_dst,0,2
DDoS-UDP_Flood6.csv,Packet-Based,DDoS,DDoS-UDP-Flood6,port_class_dst,2,22255
DDoS-UDP_Flood6.csv,Packet-Based,DDoS,DDoS-UDP-Flood6,port_class_dst,3,6550
DDoS-UDP_Flood6.csv,Packet-Based,DDoS,DDoS-UDP-Flood6,port_class_dst,1,1039
DDoS-UDP_Flood6.csv,Packet-Based,DDoS,DDoS-UDP-Flood6,port_class_dst,0,156
DDoS-UDP_Flood7.csv,Packet-Based,DDoS,DDoS-UDP-Flood7,port_class_dst,2,22772
DDoS-UDP_Flood7.csv,Packet-Based,DDoS,DDoS-UDP-Flood7,port_class_dst,3,7144
DDoS-UDP_Flood7.csv,Packet-Based,DDoS,DDoS-UDP-Flood7,port_class_dst,1,56
DDoS-UDP_Flood7.csv,Packet-Based,DDoS,DDoS-UDP-Flood7,port_class_dst,0,28
DDoS-UDP_Flood8.csv,Packet-Based,DDoS,DDoS-UDP-Flood8,port_class_dst,2,23364
DDoS-UDP_Flood8.csv,Packet-Based,DDoS,DDoS-UDP-Flood8,port_class_dst,3,5767
DDoS-UDP_Flood8.csv,Packet-Based,DDoS,DDoS-UDP-Flood8,port_class_dst,1,825
DDoS-UDP_Flood8.csv,Packet-Based,DDoS,DDoS-UDP-Flood8,port_class_dst,0,44
DDoS-UDP_Flood9.csv,Packet-Based,DDoS,DDoS-UDP-Flood9,port_class_dst,2,19265
DDoS-UDP_Flood9.csv,Packet-Based,DDoS,DDoS-UDP-Flood9,port_class_dst,3,10691
DDoS-UDP_Flood9.csv,Packet-Based,DDoS,DDoS-UDP-Flood9,port_class_dst,1,39
DDoS-UDP_Flood9.csv,Packet-Based,DDoS,DDoS-UDP-Flood9,port_class_dst,0,5
DDoS-UDP_Fragmentation.csv,Packet-Based,DDoS,DDoS-UDP-Fragmentation,port_class_dst,0,14670
DDoS-UDP_Fragmentation.csv,Packet-Based,DDoS,DDoS-UDP-Fragmentation,port_class_dst,2,11709
DDoS-UDP_Fragmentation.csv,Packet-Based,DDoS,DDoS-UDP-Fragmentation,port_class_dst,3,2534
DDoS-UDP_Fragmentation.csv,Packet-Based,DDoS,DDoS-UDP-Fragmentation,port_class_dst,1,1087
DDoS-UDP_Fragmentation1.csv,Packet-Based,DDoS,DDoS-UDP-Fragmentation1,port_class_dst,0,14579
DDoS-UDP_Fragmentation1.csv,Packet-Based,DDoS,DDoS-UDP-Fragmentation1,port_class_dst,2,10484
DDoS-UDP_Fragmentation1.csv,Packet-Based,DDoS,DDoS-UDP-Fragmentation1,port_class_dst,3,4495
DDoS-UDP_Fragmentation1.csv,Packet-Based,DDoS,DDoS-UDP-Fragmentation1,port_class_dst,1,442
DDoS-UDP_Fragmentation10.csv,Packet-Based,DDoS,DDoS-UDP-Fragmentation10,port_class_dst,0,14594
DDoS-UDP_Fragmentation10.csv,Packet-Based,DDoS,DDoS-UDP-Fragmentation10,port_class_dst,2,10190
DDoS-UDP_Fragmentation10.csv,Packet-Based,DDoS,DDoS-UDP-Fragmentation10,port_class_dst,3,5068
DDoS-UDP_Fragmentation10.csv,Packet-Based,DDoS,DDoS-UDP-Fragmentation10,port_class_dst,1,148
DDoS-UDP_Fragmentation11.csv,Packet-Based,DDoS,DDoS-UDP-Fragmentation11,port_class_dst,0,14745
DDoS-UDP_Fragmentation11.csv,Packet-Based,DDoS,DDoS-UDP-Fragmentation11,port_class_dst,2,10376
DDoS-UDP_Fragmentation11.csv,Packet-Based,DDoS,DDoS-UDP-Fragmentation11,port_class_dst,3,4716
DDoS-UDP_Fragmentation11.csv,Packet-Based,DDoS,DDoS-UDP-Fragmentation11,port_class_dst,1,163
DDoS-UDP_Fragmentation12.csv,Packet-Based,DDoS,DDoS-UDP-Fragmentation12,port_class_dst,0,14143
DDoS-UDP_Fragmentation12.csv,Packet-Based,DDoS,DDoS-UDP-Fragmentation12,port_class_dst,2,13248
DDoS-UDP_Fragmentation12.csv,Packet-Based,DDoS,DDoS-UDP-Fragmentation12,port_class_dst,3,2032
DDoS-UDP_Fragmentation12.csv,Packet-Based,DDoS,DDoS-UDP-Fragmentation12,port_class_dst,1,577
DDoS-UDP_Fragmentation2.csv,Packet-Based,DDoS,DDoS-UDP-Fragmentation2,port_class_dst,0,14800
DDoS-UDP_Fragmentation2.csv,Packet-Based,DDoS,DDoS-UDP-Fragmentation2,port_class_dst,2,12702
DDoS-UDP_Fragmentation2.csv,Packet-Based,DDoS,DDoS-UDP-Fragmentation2,port_class_dst,3,2402
DDoS-UDP_Fragmentation2.csv,Packet-Based,DDoS,DDoS-UDP-Fragmentation2,port_class_dst,1,96
DDoS-UDP_Fragmentation3.csv,Packet-Based,DDoS,DDoS-UDP-Fragmentation3,port_class_dst,0,14884
DDoS-UDP_Fragmentation3.csv,Packet-Based,DDoS,DDoS-UDP-Fragmentation3,port_class_dst,2,10250
DDoS-UDP_Fragmentation3.csv,Packet-Based,DDoS,DDoS-UDP-Fragmentation3,port_class_dst,3,4807
DDoS-UDP_Fragmentation3.csv,Packet-Based,DDoS,DDoS-UDP-Fragmentation3,port_class_dst,1,59
DDoS-UDP_Fragmentation4.csv,Packet-Based,DDoS,DDoS-UDP-Fragmentation4,port_class_dst,0,14606
DDoS-UDP_Fragmentation4.csv,Packet-Based,DDoS,DDoS-UDP-Fragmentation4,port_class_dst,2,8296
DDoS-UDP_Fragmentation4.csv,Packet-Based,DDoS,DDoS-UDP-Fragmentation4,port_class_dst,3,5949
DDoS-UDP_Fragmentation4.csv,Packet-Based,DDoS,DDoS-UDP-Fragmentation4,port_class_dst,1,1149
DDoS-UDP_Fragmentation5.csv,Packet-Based,DDoS,DDoS-UDP-Fragmentation5,port_class_dst,0,14691
DDoS-UDP_Fragmentation5.csv,Packet-Based,DDoS,DDoS-UDP-Fragmentation5,port_class_dst,2,12424
DDoS-UDP_Fragmentation5.csv,Packet-Based,DDoS,DDoS-UDP-Fragmentation5,port_class_dst,3,2695
DDoS-UDP_Fragmentation5.csv,Packet-Based,DDoS,DDoS-UDP-Fragmentation5,port_class_dst,1,190
DDoS-UDP_Fragmentation6.csv,Packet-Based,DDoS,DDoS-UDP-Fragmentation6,port_class_dst,0,14969
DDoS-UDP_Fragmentation6.csv,Packet-Based,DDoS,DDoS-UDP-Fragmentation6,port_class_dst,2,10363
DDoS-UDP_Fragmentation6.csv,Packet-Based,DDoS,DDoS-UDP-Fragmentation6,port_class_dst,3,4621
DDoS-UDP_Fragmentation6.csv,Packet-Based,DDoS,DDoS-UDP-Fragmentation6,port_class_dst,1,47
DDoS-UDP_Fragmentation7.csv,Packet-Based,DDoS,DDoS-UDP-Fragmentation7,port_class_dst,0,14759
DDoS-UDP_Fragmentation7.csv,Packet-Based,DDoS,DDoS-UDP-Fragmentation7,port_class_dst,2,8868
DDoS-UDP_Fragmentation7.csv,Packet-Based,DDoS,DDoS-UDP-Fragmentation7,port_class_dst,3,6174
DDoS-UDP_Fragmentation7.csv,Packet-Based,DDoS,DDoS-UDP-Fragmentation7,port_class_dst,1,199
DDoS-UDP_Fragmentation8.csv,Packet-Based,DDoS,DDoS-UDP-Fragmentation8,port_class_dst,0,14779
DDoS-UDP_Fragmentation8.csv,Packet-Based,DDoS,DDoS-UDP-Fragmentation8,port_class_dst,2,10566
DDoS-UDP_Fragmentation8.csv,Packet-Based,DDoS,DDoS-UDP-Fragmentation8,port_class_dst,3,3606
DDoS-UDP_Fragmentation8.csv,Packet-Based,DDoS,DDoS-UDP-Fragmentation8,port_class_dst,1,1049
DDoS-UDP_Fragmentation9.csv,Packet-Based,DDoS,DDoS-UDP-Fragmentation9,port_class_dst,0,14700
DDoS-UDP_Fragmentation9.csv,Packet-Based,DDoS,DDoS-UDP-Fragmentation9,port_class_dst,2,11485
DDoS-UDP_Fragmentation9.csv,Packet-Based,DDoS,DDoS-UDP-Fragmentation9,port_class_dst,3,3623
DDoS-UDP_Fragmentation9.csv,Packet-Based,DDoS,DDoS-UDP-Fragmentation9,port_class_dst,1,192
DoS-HTTP_Flood.csv,Packet-Based,DoS,DoS-HTTP-Flood,port_class_dst,1,21787
DoS-HTTP_Flood.csv,Packet-Based,DoS,DoS-HTTP-Flood,port_class_dst,2,7169
DoS-HTTP_Flood.csv,Packet-Based,DoS,DoS-HTTP-Flood,port_class_dst,3,1015
DoS-HTTP_Flood.csv,Packet-Based,DoS,DoS-HTTP-Flood,port_class_dst,0,29
DoS-HTTP_Flood1.csv,Packet-Based,DoS,DoS-HTTP-Flood1,port_class_dst,1,19256
DoS-HTTP_Flood1.csv,Packet-Based,DoS,DoS-HTTP-Flood1,port_class_dst,2,7280
DoS-HTTP_Flood1.csv,Packet-Based,DoS,DoS-HTTP-Flood1,port_class_dst,3,3395
DoS-HTTP_Flood1.csv,Packet-Based,DoS,DoS-HTTP-Flood1,port_class_dst,0,69
DoS-SYN_Flood.csv,Packet-Based,DoS,DoS-SYN-Flood,port_class_dst,2,29241
DoS-SYN_Flood.csv,Packet-Based,DoS,DoS-SYN-Flood,port_class_dst,3,553
DoS-SYN_Flood.csv,Packet-Based,DoS,DoS-SYN-Flood,port_class_dst,1,197
DoS-SYN_Flood.csv,Packet-Based,DoS,DoS-SYN-Flood,port_class_dst,0,9
DoS-SYN_Flood1.csv,Packet-Based,DoS,DoS-SYN-Flood1,port_class_dst,3,27261
DoS-SYN_Flood1.csv,Packet-Based,DoS,DoS-SYN-Flood1,port_class_dst,2,2541
DoS-SYN_Flood1.csv,Packet-Based,DoS,DoS-SYN-Flood1,port_class_dst,1,185
DoS-SYN_Flood1.csv,Packet-Based,DoS,DoS-SYN-Flood1,port_class_dst,0,13
DoS-SYN_Flood2.csv,Packet-Based,DoS,DoS-SYN-Flood2,port_class_dst,2,29784
DoS-SYN_Flood2.csv,Packet-Based,DoS,DoS-SYN-Flood2,port_class_dst,1,97
DoS-SYN_Flood2.csv,Packet-Based,DoS,DoS-SYN-Flood2,port_class_dst,3,95
DoS-SYN_Flood2.csv,Packet-Based,DoS,DoS-SYN-Flood2,port_class_dst,0,24
DoS-SYN_Flood3.csv,Packet-Based,DoS,DoS-SYN-Flood3,port_class_dst,2,29446
DoS-SYN_Flood3.csv,Packet-Based,DoS,DoS-SYN-Flood3,port_class_dst,1,278
DoS-SYN_Flood3.csv,Packet-Based,DoS,DoS-SYN-Flood3,port_class_dst,3,208
DoS-SYN_Flood3.csv,Packet-Based,DoS,DoS-SYN-Flood3,port_class_dst,0,68
DoS-SYN_Flood4.csv,Packet-Based,DoS,DoS-SYN-Flood4,port_class_dst,2,29769
DoS-SYN_Flood4.csv,Packet-Based,DoS,DoS-SYN-Flood4,port_class_dst,1,137
DoS-SYN_Flood4.csv,Packet-Based,DoS,DoS-SYN-Flood4,port_class_dst,3,93
DoS-SYN_Flood4.csv,Packet-Based,DoS,DoS-SYN-Flood4,port_class_dst,0,1
DoS-SYN_Flood5.csv,Packet-Based,DoS,DoS-SYN-Flood5,port_class_dst,1,29702
DoS-SYN_Flood5.csv,Packet-Based,DoS,DoS-SYN-Flood5,port_class_dst,2,165
DoS-SYN_Flood5.csv,Packet-Based,DoS,DoS-SYN-Flood5,port_class_dst,3,105
DoS-SYN_Flood5.csv,Packet-Based,DoS,DoS-SYN-Flood5,port_class_dst,0,28
DoS-SYN_Flood6.csv,Packet-Based,DoS,DoS-SYN-Flood6,port_class_dst,3,26052
DoS-SYN_Flood6.csv,Packet-Based,DoS,DoS-SYN-Flood6,port_class_dst,2,3638
DoS-SYN_Flood6.csv,Packet-Based,DoS,DoS-SYN-Flood6,port_class_dst,1,292
DoS-SYN_Flood6.csv,Packet-Based,DoS,DoS-SYN-Flood6,port_class_dst,0,18
DoS-SYN_Flood7.csv,Packet-Based,DoS,DoS-SYN-Flood7,port_class_dst,2,29406
DoS-SYN_Flood7.csv,Packet-Based,DoS,DoS-SYN-Flood7,port_class_dst,3,406
DoS-SYN_Flood7.csv,Packet-Based,DoS,DoS-SYN-Flood7,port_class_dst,1,182
DoS-SYN_Flood7.csv,Packet-Based,DoS,DoS-SYN-Flood7,port_class_dst,0,6
DoS-TCP_Flood.csv,Packet-Based,DoS,DoS-TCP-Flood,port_class_dst,1,25741
DoS-TCP_Flood.csv,Packet-Based,DoS,DoS-TCP-Flood,port_class_dst,2,3407
DoS-TCP_Flood.csv,Packet-Based,DoS,DoS-TCP-Flood,port_class_dst,3,748
DoS-TCP_Flood.csv,Packet-Based,DoS,DoS-TCP-Flood,port_class_dst,0,104
DoS-TCP_Flood1.csv,Packet-Based,DoS,DoS-TCP-Flood1,port_class_dst,2,29425
DoS-TCP_Flood1.csv,Packet-Based,DoS,DoS-TCP-Flood1,port_class_dst,3,354
DoS-TCP_Flood1.csv,Packet-Based,DoS,DoS-TCP-Flood1,port_class_dst,1,208
DoS-TCP_Flood1.csv,Packet-Based,DoS,DoS-TCP-Flood1,port_class_dst,0,13
DoS-TCP_Flood10.csv,Packet-Based,DoS,DoS-TCP-Flood10,port_class_dst,1,29759
DoS-TCP_Flood10.csv,Packet-Based,DoS,DoS-TCP-Flood10,port_class_dst,2,159
DoS-TCP_Flood10.csv,Packet-Based,DoS,DoS-TCP-Flood10,port_class_dst,3,68
DoS-TCP_Flood10.csv,Packet-Based,DoS,DoS-TCP-Flood10,port_class_dst,0,14
DoS-TCP_Flood2.csv,Packet-Based,DoS,DoS-TCP-Flood2,port_class_dst,1,29658
DoS-TCP_Flood2.csv,Packet-Based,DoS,DoS-TCP-Flood2,port_class_dst,2,213
DoS-TCP_Flood2.csv,Packet-Based,DoS,DoS-TCP-Flood2,port_class_dst,3,110
DoS-TCP_Flood2.csv,Packet-Based,DoS,DoS-TCP-Flood2,port_class_dst,0,19
DoS-TCP_Flood3.csv,Packet-Based,DoS,DoS-TCP-Flood3,port_class_dst,2,29809
DoS-TCP_Flood3.csv,Packet-Based,DoS,DoS-TCP-Flood3,port_class_dst,1,115
DoS-TCP_Flood3.csv,Packet-Based,DoS,DoS-TCP-Flood3,port_class_dst,3,76
DoS-TCP_Flood4.csv,Packet-Based,DoS,DoS-TCP-Flood4,port_class_dst,2,29665
DoS-TCP_Flood4.csv,Packet-Based,DoS,DoS-TCP-Flood4,port_class_dst,1,174
DoS-TCP_Flood4.csv,Packet-Based,DoS,DoS-TCP-Flood4,port_class_dst,0,81
DoS-TCP_Flood4.csv,Packet-Based,DoS,DoS-TCP-Flood4,port_class_dst,3,80
DoS-TCP_Flood5.csv,Packet-Based,DoS,DoS-TCP-Flood5,port_class_dst,2,29711
DoS-TCP_Flood5.csv,Packet-Based,DoS,DoS-TCP-Flood5,port_class_dst,1,196
DoS-TCP_Flood5.csv,Packet-Based,DoS,DoS-TCP-Flood5,port_class_dst,3,91
DoS-TCP_Flood5.csv,Packet-Based,DoS,DoS-TCP-Flood5,port_class_dst,0,2
DoS-TCP_Flood6.csv,Packet-Based,DoS,DoS-TCP-Flood6,port_class_dst,2,29841
DoS-TCP_Flood6.csv,Packet-Based,DoS,DoS-TCP-Flood6,port_class_dst,3,77
DoS-TCP_Flood6.csv,Packet-Based,DoS,DoS-TCP-Flood6,port_class_dst,1,68
DoS-TCP_Flood6.csv,Packet-Based,DoS,DoS-TCP-Flood6,port_class_dst,0,14
DoS-TCP_Flood7.csv,Packet-Based,DoS,DoS-TCP-Flood7,port_class_dst,2,29849
DoS-TCP_Flood7.csv,Packet-Based,DoS,DoS-TCP-Flood7,port_class_dst,1,74
DoS-TCP_Flood7.csv,Packet-Based,DoS,DoS-TCP-Flood7,port_class_dst,3,42
DoS-TCP_Flood7.csv,Packet-Based,DoS,DoS-TCP-Flood7,port_class_dst,0,35
DoS-TCP_Flood8.csv,Packet-Based,DoS,DoS-TCP-Flood8,port_class_dst,2,29819
DoS-TCP_Flood8.csv,Packet-Based,DoS,DoS-TCP-Flood8,port_class_dst,3,81
DoS-TCP_Flood8.csv,Packet-Based,DoS,DoS-TCP-Flood8,port_class_dst,1,74
DoS-TCP_Flood8.csv,Packet-Based,DoS,DoS-TCP-Flood8,port_class_dst,0,26
DoS-TCP_Flood9.csv,Packet-Based,DoS,DoS-TCP-Flood9,port_class_dst,2,29775
DoS-TCP_Flood9.csv,Packet-Based,DoS,DoS-TCP-Flood9,port_class_dst,1,129
DoS-TCP_Flood9.csv,Packet-Based,DoS,DoS-TCP-Flood9,port_class_dst,3,79
DoS-TCP_Flood9.csv,Packet-Based,DoS,DoS-TCP-Flood9,port_class_dst,0,17
DoS-UDP_Flood.csv,Packet-Based,DoS,DoS-UDP-Flood,port_class_dst,1,29019
DoS-UDP_Flood.csv,Packet-Based,DoS,DoS-UDP-Flood,port_class_dst,2,525
DoS-UDP_Flood.csv,Packet-Based,DoS,DoS-UDP-Flood,port_class_dst,3,418
DoS-UDP_Flood.csv,Packet-Based,DoS,DoS-UDP-Flood,port_class_dst,0,38
DoS-UDP_Flood1.csv,Packet-Based,DoS,DoS-UDP-Flood1,port_class_dst,2,29791
DoS-UDP_Flood1.csv,Packet-Based,DoS,DoS-UDP-Flood1,port_class_dst,1,118
DoS-UDP_Flood1.csv,Packet-Based,DoS,DoS-UDP-Flood1,port_class_dst,3,85
DoS-UDP_Flood1.csv,Packet-Based,DoS,DoS-UDP-Flood1,port_class_dst,0,6
DoS-UDP_Flood10.csv,Packet-Based,DoS,DoS-UDP-Flood10,port_class_dst,2,22911
DoS-UDP_Flood10.csv,Packet-Based,DoS,DoS-UDP-Flood10,port_class_dst,3,5325
DoS-UDP_Flood10.csv,Packet-Based,DoS,DoS-UDP-Flood10,port_class_dst,0,1647
DoS-UDP_Flood10.csv,Packet-Based,DoS,DoS-UDP-Flood10,port_class_dst,1,117
DoS-UDP_Flood11.csv,Packet-Based,DoS,DoS-UDP-Flood11,port_class_dst,2,21378
DoS-UDP_Flood11.csv,Packet-Based,DoS,DoS-UDP-Flood11,port_class_dst,3,7263
DoS-UDP_Flood11.csv,Packet-Based,DoS,DoS-UDP-Flood11,port_class_dst,0,833
DoS-UDP_Flood11.csv,Packet-Based,DoS,DoS-UDP-Flood11,port_class_dst,1,526
DoS-UDP_Flood12.csv,Packet-Based,DoS,DoS-UDP-Flood12,port_class_dst,2,20210
DoS-UDP_Flood12.csv,Packet-Based,DoS,DoS-UDP-Flood12,port_class_dst,3,9238
DoS-UDP_Flood12.csv,Packet-Based,DoS,DoS-UDP-Flood12,port_class_dst,1,520
DoS-UDP_Flood12.csv,Packet-Based,DoS,DoS-UDP-Flood12,port_class_dst,0,32
DoS-UDP_Flood13.csv,Packet-Based,DoS,DoS-UDP-Flood13,port_class_dst,2,20549
DoS-UDP_Flood13.csv,Packet-Based,DoS,DoS-UDP-Flood13,port_class_dst,3,8732
DoS-UDP_Flood13.csv,Packet-Based,DoS,DoS-UDP-Flood13,port_class_dst,0,584
DoS-UDP_Flood13.csv,Packet-Based,DoS,DoS-UDP-Flood13,port_class_dst,1,135
DoS-UDP_Flood14.csv,Packet-Based,DoS,DoS-UDP-Flood14,port_class_dst,2,20985
DoS-UDP_Flood14.csv,Packet-Based,DoS,DoS-UDP-Flood14,port_class_dst,3,8816
DoS-UDP_Flood14.csv,Packet-Based,DoS,DoS-UDP-Flood14,port_class_dst,1,166
DoS-UDP_Flood14.csv,Packet-Based,DoS,DoS-UDP-Flood14,port_class_dst,0,33
DoS-UDP_Flood15.csv,Packet-Based,DoS,DoS-UDP-Flood15,port_class_dst,2,20960
DoS-UDP_Flood15.csv,Packet-Based,DoS,DoS-UDP-Flood15,port_class_dst,3,8368
DoS-UDP_Flood15.csv,Packet-Based,DoS,DoS-UDP-Flood15,port_class_dst,1,659
DoS-UDP_Flood15.csv,Packet-Based,DoS,DoS-UDP-Flood15,port_class_dst,0,13
DoS-UDP_Flood16.csv,Packet-Based,DoS,DoS-UDP-Flood16,port_class_dst,2,23002
DoS-UDP_Flood16.csv,Packet-Based,DoS,DoS-UDP-Flood16,port_class_dst,3,4878
DoS-UDP_Flood16.csv,Packet-Based,DoS,DoS-UDP-Flood16,port_class_dst,0,1964
DoS-UDP_Flood16.csv,Packet-Based,DoS,DoS-UDP-Flood16,port_class_dst,1,156
DoS-UDP_Flood2.csv,Packet-Based,DoS,DoS-UDP-Flood2,port_class_dst,2,29718
DoS-UDP_Flood2.csv,Packet-Based,DoS,DoS-UDP-Flood2,port_class_dst,1,165
DoS-UDP_Flood2.csv,Packet-Based,DoS,DoS-UDP-Flood2,port_class_dst,3,74
DoS-UDP_Flood2.csv,Packet-Based,DoS,DoS-UDP-Flood2,port_class_dst,0,43
DoS-UDP_Flood3.csv,Packet-Based,DoS,DoS-UDP-Flood3,port_class_dst,1,29509
DoS-UDP_Flood3.csv,Packet-Based,DoS,DoS-UDP-Flood3,port_class_dst,3,238
DoS-UDP_Flood3.csv,Packet-Based,DoS,DoS-UDP-Flood3,port_class_dst,2,211
DoS-UDP_Flood3.csv,Packet-Based,DoS,DoS-UDP-Flood3,port_class_dst,0,42
DoS-UDP_Flood4.csv,Packet-Based,DoS,DoS-UDP-Flood4,port_class_dst,2,29619
DoS-UDP_Flood4.csv,Packet-Based,DoS,DoS-UDP-Flood4,port_class_dst,1,175
DoS-UDP_Flood4.csv,Packet-Based,DoS,DoS-UDP-Flood4,port_class_dst,3,160
DoS-UDP_Flood4.csv,Packet-Based,DoS,DoS-UDP-Flood4,port_class_dst,0,46
DoS-UDP_Flood5.csv,Packet-Based,DoS,DoS-UDP-Flood5,port_class_dst,0,29094
DoS-UDP_Flood5.csv,Packet-Based,DoS,DoS-UDP-Flood5,port_class_dst,3,343
DoS-UDP_Flood5.csv,Packet-Based,DoS,DoS-UDP-Flood5,port_class_dst,1,283
DoS-UDP_Flood5.csv,Packet-Based,DoS,DoS-UDP-Flood5,port_class_dst,2,280
DoS-UDP_Flood6.csv,Packet-Based,DoS,DoS-UDP-Flood6,port_class_dst,0,29661
DoS-UDP_Flood6.csv,Packet-Based,DoS,DoS-UDP-Flood6,port_class_dst,1,156
DoS-UDP_Flood6.csv,Packet-Based,DoS,DoS-UDP-Flood6,port_class_dst,2,136
DoS-UDP_Flood6.csv,Packet-Based,DoS,DoS-UDP-Flood6,port_class_dst,3,47
DoS-UDP_Flood7.csv,Packet-Based,DoS,DoS-UDP-Flood7,port_class_dst,0,29093
DoS-UDP_Flood7.csv,Packet-Based,DoS,DoS-UDP-Flood7,port_class_dst,1,378
DoS-UDP_Flood7.csv,Packet-Based,DoS,DoS-UDP-Flood7,port_class_dst,3,290
DoS-UDP_Flood7.csv,Packet-Based,DoS,DoS-UDP-Flood7,port_class_dst,2,239
DoS-UDP_Flood8.csv,Packet-Based,DoS,DoS-UDP-Flood8,port_class_dst,2,21861
DoS-UDP_Flood8.csv,Packet-Based,DoS,DoS-UDP-Flood8,port_class_dst,3,6957
DoS-UDP_Flood8.csv,Packet-Based,DoS,DoS-UDP-Flood8,port_class_dst,0,1077
DoS-UDP_Flood8.csv,Packet-Based,DoS,DoS-UDP-Flood8,port_class_dst,1,105
DoS-UDP_Flood9.csv,Packet-Based,DoS,DoS-UDP-Flood9,port_class_dst,2,19422
DoS-UDP_Flood9.csv,Packet-Based,DoS,DoS-UDP-Flood9,port_class_dst,3,8397
DoS-UDP_Flood9.csv,Packet-Based,DoS,DoS-UDP-Flood9,port_class_dst,0,1871
DoS-UDP_Flood9.csv,Packet-Based,DoS,DoS-UDP-Flood9,port_class_dst,1,310
Mirai-greip_flood.csv,Packet-Based,Mirai,Mirai-greip-flood,port_class_dst,2,20782
Mirai-greip_flood.csv,Packet-Based,Mirai,Mirai-greip-flood,port_class_dst,3,7734
Mirai-greip_flood.csv,Packet-Based,Mirai,Mirai-greip-flood,port_class_dst,1,1458
Mirai-greip_flood.csv,Packet-Based,Mirai,Mirai-greip-flood,port_class_dst,0,26
Mirai-greip_flood1.csv,Packet-Based,Mirai,Mirai-greip-flood1,port_class_dst,2,21936
Mirai-greip_flood1.csv,Packet-Based,Mirai,Mirai-greip-flood1,port_class_dst,3,7484
Mirai-greip_flood1.csv,Packet-Based,Mirai,Mirai-greip-flood1,port_class_dst,1,559
Mirai-greip_flood1.csv,Packet-Based,Mirai,Mirai-greip-flood1,port_class_dst,0,21
Mirai-greip_flood10.csv,Packet-Based,Mirai,Mirai-greip-flood10,port_class_dst,2,22026
Mirai-greip_flood10.csv,Packet-Based,Mirai,Mirai-greip-flood10,port_class_dst,3,7469
Mirai-greip_flood10.csv,Packet-Based,Mirai,Mirai-greip-flood10,port_class_dst,1,481
Mirai-greip_flood10.csv,Packet-Based,Mirai,Mirai-greip-flood10,port_class_dst,0,24
Mirai-greip_flood11.csv,Packet-Based,Mirai,Mirai-greip-flood11,port_class_dst,2,22040
Mirai-greip_flood11.csv,Packet-Based,Mirai,Mirai-greip-flood11,port_class_dst,3,7414
Mirai-greip_flood11.csv,Packet-Based,Mirai,Mirai-greip-flood11,port_class_dst,1,485
Mirai-greip_flood11.csv,Packet-Based,Mirai,Mirai-greip-flood11,port_class_dst,0,61
Mirai-greip_flood12.csv,Packet-Based,Mirai,Mirai-greip-flood12,port_class_dst,2,21801
Mirai-greip_flood12.csv,Packet-Based,Mirai,Mirai-greip-flood12,port_class_dst,3,7555
Mirai-greip_flood12.csv,Packet-Based,Mirai,Mirai-greip-flood12,port_class_dst,1,514
Mirai-greip_flood12.csv,Packet-Based,Mirai,Mirai-greip-flood12,port_class_dst,0,130
Mirai-greip_flood13.csv,Packet-Based,Mirai,Mirai-greip-flood13,port_class_dst,2,21786
Mirai-greip_flood13.csv,Packet-Based,Mirai,Mirai-greip-flood13,port_class_dst,3,7633
Mirai-greip_flood13.csv,Packet-Based,Mirai,Mirai-greip-flood13,port_class_dst,1,545
Mirai-greip_flood13.csv,Packet-Based,Mirai,Mirai-greip-flood13,port_class_dst,0,36
Mirai-greip_flood14.csv,Packet-Based,Mirai,Mirai-greip-flood14,port_class_dst,2,21546
Mirai-greip_flood14.csv,Packet-Based,Mirai,Mirai-greip-flood14,port_class_dst,3,7275
Mirai-greip_flood14.csv,Packet-Based,Mirai,Mirai-greip-flood14,port_class_dst,1,759
Mirai-greip_flood14.csv,Packet-Based,Mirai,Mirai-greip-flood14,port_class_dst,0,420
Mirai-greip_flood15.csv,Packet-Based,Mirai,Mirai-greip-flood15,port_class_dst,2,22030
Mirai-greip_flood15.csv,Packet-Based,Mirai,Mirai-greip-flood15,port_class_dst,3,7236
Mirai-greip_flood15.csv,Packet-Based,Mirai,Mirai-greip-flood15,port_class_dst,1,609
Mirai-greip_flood15.csv,Packet-Based,Mirai,Mirai-greip-flood15,port_class_dst,0,125
Mirai-greip_flood16.csv,Packet-Based,Mirai,Mirai-greip-flood16,port_class_dst,2,22116
Mirai-greip_flood16.csv,Packet-Based,Mirai,Mirai-greip-flood16,port_class_dst,3,7345
Mirai-greip_flood16.csv,Packet-Based,Mirai,Mirai-greip-flood16,port_class_dst,1,525
Mirai-greip_flood16.csv,Packet-Based,Mirai,Mirai-greip-flood16,port_class_dst,0,14
Mirai-greip_flood17.csv,Packet-Based,Mirai,Mirai-greip-flood17,port_class_dst,2,21941
Mirai-greip_flood17.csv,Packet-Based,Mirai,Mirai-greip-flood17,port_class_dst,3,7383
Mirai-greip_flood17.csv,Packet-Based,Mirai,Mirai-greip-flood17,port_class_dst,1,629
Mirai-greip_flood17.csv,Packet-Based,Mirai,Mirai-greip-flood17,port_class_dst,0,47
Mirai-greip_flood18.csv,Packet-Based,Mirai,Mirai-greip-flood18,port_class_dst,2,21724
Mirai-greip_flood18.csv,Packet-Based,Mirai,Mirai-greip-flood18,port_class_dst,3,7389
Mirai-greip_flood18.csv,Packet-Based,Mirai,Mirai-greip-flood18,port_class_dst,1,744
Mirai-greip_flood18.csv,Packet-Based,Mirai,Mirai-greip-flood18,port_class_dst,0,143
Mirai-greip_flood19.csv,Packet-Based,Mirai,Mirai-greip-flood19,port_class_dst,2,21876
Mirai-greip_flood19.csv,Packet-Based,Mirai,Mirai-greip-flood19,port_class_dst,3,7505
Mirai-greip_flood19.csv,Packet-Based,Mirai,Mirai-greip-flood19,port_class_dst,1,590
Mirai-greip_flood19.csv,Packet-Based,Mirai,Mirai-greip-flood19,port_class_dst,0,29
Mirai-greip_flood2.csv,Packet-Based,Mirai,Mirai-greip-flood2,port_class_dst,2,21622
Mirai-greip_flood2.csv,Packet-Based,Mirai,Mirai-greip-flood2,port_class_dst,3,7579
Mirai-greip_flood2.csv,Packet-Based,Mirai,Mirai-greip-flood2,port_class_dst,1,634
Mirai-greip_flood2.csv,Packet-Based,Mirai,Mirai-greip-flood2,port_class_dst,0,165
Mirai-greip_flood20.csv,Packet-Based,Mirai,Mirai-greip-flood20,port_class_dst,2,21892
Mirai-greip_flood20.csv,Packet-Based,Mirai,Mirai-greip-flood20,port_class_dst,3,7419
Mirai-greip_flood20.csv,Packet-Based,Mirai,Mirai-greip-flood20,port_class_dst,1,534
Mirai-greip_flood20.csv,Packet-Based,Mirai,Mirai-greip-flood20,port_class_dst,0,155
Mirai-greip_flood21.csv,Packet-Based,Mirai,Mirai-greip-flood21,port_class_dst,2,21805
Mirai-greip_flood21.csv,Packet-Based,Mirai,Mirai-greip-flood21,port_class_dst,3,7535
Mirai-greip_flood21.csv,Packet-Based,Mirai,Mirai-greip-flood21,port_class_dst,1,582
Mirai-greip_flood21.csv,Packet-Based,Mirai,Mirai-greip-flood21,port_class_dst,0,78
Mirai-greip_flood3.csv,Packet-Based,Mirai,Mirai-greip-flood3,port_class_dst,2,22046
Mirai-greip_flood3.csv,Packet-Based,Mirai,Mirai-greip-flood3,port_class_dst,3,7381
Mirai-greip_flood3.csv,Packet-Based,Mirai,Mirai-greip-flood3,port_class_dst,1,503
Mirai-greip_flood3.csv,Packet-Based,Mirai,Mirai-greip-flood3,port_class_dst,0,70
Mirai-greip_flood4.csv,Packet-Based,Mirai,Mirai-greip-flood4,port_class_dst,2,21918
Mirai-greip_flood4.csv,Packet-Based,Mirai,Mirai-greip-flood4,port_class_dst,3,7462
Mirai-greip_flood4.csv,Packet-Based,Mirai,Mirai-greip-flood4,port_class_dst,1,595
Mirai-greip_flood4.csv,Packet-Based,Mirai,Mirai-greip-flood4,port_class_dst,0,25
Mirai-greip_flood5.csv,Packet-Based,Mirai,Mirai-greip-flood5,port_class_dst,2,21654
Mirai-greip_flood5.csv,Packet-Based,Mirai,Mirai-greip-flood5,port_class_dst,3,7512
Mirai-greip_flood5.csv,Packet-Based,Mirai,Mirai-greip-flood5,port_class_dst,1,676
Mirai-greip_flood5.csv,Packet-Based,Mirai,Mirai-greip-flood5,port_class_dst,0,158
Mirai-greip_flood6.csv,Packet-Based,Mirai,Mirai-greip-flood6,port_class_dst,2,21912
Mirai-greip_flood6.csv,Packet-Based,Mirai,Mirai-greip-flood6,port_class_dst,3,7441
Mirai-greip_flood6.csv,Packet-Based,Mirai,Mirai-greip-flood6,port_class_dst,1,522
Mirai-greip_flood6.csv,Packet-Based,Mirai,Mirai-greip-flood6,port_class_dst,0,125
Mirai-greip_flood7.csv,Packet-Based,Mirai,Mirai-greip-flood7,port_class_dst,2,21857
Mirai-greip_flood7.csv,Packet-Based,Mirai,Mirai-greip-flood7,port_class_dst,3,7426
Mirai-greip_flood7.csv,Packet-Based,Mirai,Mirai-greip-flood7,port_class_dst,1,545
Mirai-greip_flood7.csv,Packet-Based,Mirai,Mirai-greip-flood7,port_class_dst,0,172
Mirai-greip_flood8.csv,Packet-Based,Mirai,Mirai-greip-flood8,port_class_dst,2,20608
Mirai-greip_flood8.csv,Packet-Based,Mirai,Mirai-greip-flood8,port_class_dst,3,7922
Mirai-greip_flood8.csv,Packet-Based,Mirai,Mirai-greip-flood8,port_class_dst,1,1050
Mirai-greip_flood8.csv,Packet-Based,Mirai,Mirai-greip-flood8,port_class_dst,0,420
Mirai-greip_flood9.csv,Packet-Based,Mirai,Mirai-greip-flood9,port_class_dst,2,21934
Mirai-greip_flood9.csv,Packet-Based,Mirai,Mirai-greip-flood9,port_class_dst,3,7477
Mirai-greip_flood9.csv,Packet-Based,Mirai,Mirai-greip-flood9,port_class_dst,1,560
Mirai-greip_flood9.csv,Packet-Based,Mirai,Mirai-greip-flood9,port_class_dst,0,29
Recon-HostDiscovery.csv,Packet-Based,Recon,Recon-HostDiscovery,port_class_dst,2,12871
Recon-HostDiscovery.csv,Packet-Based,Recon,Recon-HostDiscovery,port_class_dst,3,11454
Recon-HostDiscovery.csv,Packet-Based,Recon,Recon-HostDiscovery,port_class_dst,1,5463
Recon-HostDiscovery.csv,Packet-Based,Recon,Recon-HostDiscovery,port_class_dst,0,212
Recon-OSScan.csv,Packet-Based,Recon,Recon-OSScan,port_class_dst,2,15893
Recon-OSScan.csv,Packet-Based,Recon,Recon-OSScan,port_class_dst,1,9477
Recon-OSScan.csv,Packet-Based,Recon,Recon-OSScan,port_class_dst,3,4335
Recon-OSScan.csv,Packet-Based,Recon,Recon-OSScan,port_class_dst,0,295
Recon-PingSweep.csv,Packet-Based,Recon,Recon-PingSweep,port_class_dst,2,8374
Recon-PingSweep.csv,Packet-Based,Recon,Recon-PingSweep,port_class_dst,1,8300
Recon-PingSweep.csv,Packet-Based,Recon,Recon-PingSweep,port_class_dst,3,5223
Recon-PingSweep.csv,Packet-Based,Recon,Recon-PingSweep,port_class_dst,0,722
Recon-PortScan.csv,Packet-Based,Recon,Recon-PortScan,port_class_dst,2,13808
Recon-PortScan.csv,Packet-Based,Recon,Recon-PortScan,port_class_dst,3,8021
Recon-PortScan.csv,Packet-Based,Recon,Recon-PortScan,port_class_dst,1,7775
Recon-PortScan.csv,Packet-Based,Recon,Recon-PortScan,port_class_dst,0,396
VulnerabilityScan.csv,Packet-Based,Recon,VulnerabilityScan,port_class_dst,2,13137
VulnerabilityScan.csv,Packet-Based,Recon,VulnerabilityScan,port_class_dst,1,8423
VulnerabilityScan.csv,Packet-Based,Recon,VulnerabilityScan,port_class_dst,3,7975
VulnerabilityScan.csv,Packet-Based,Recon,VulnerabilityScan,port_class_dst,0,465
DNS_Spoofing.csv,Packet-Based,Spoofing,DNS-Spoofing,port_class_dst,2,11784
DNS_Spoofing.csv,Packet-Based,Spoofing,DNS-Spoofing,port_class_dst,1,9774
DNS_Spoofing.csv,Packet-Based,Spoofing,DNS-Spoofing,port_class_dst,3,7860
DNS_Spoofing.csv,Packet-Based,Spoofing,DNS-Spoofing,port_class_dst,0,582
MITM-ArpSpoofing.csv,Packet-Based,Spoofing,MITM-ArpSpoofing,port_class_dst,1,17317
MITM-ArpSpoofing.csv,Packet-Based,Spoofing,MITM-ArpSpoofing,port_class_dst,2,11812
MITM-ArpSpoofing.csv,Packet-Based,Spoofing,MITM-ArpSpoofing,port_class_dst,3,798
MITM-ArpSpoofing.csv,Packet-Based,Spoofing,MITM-ArpSpoofing,port_class_dst,0,73
MITM-ArpSpoofing1.csv,Packet-Based,Spoofing,MITM-ArpSpoofing1,port_class_dst,1,16433
MITM-ArpSpoofing1.csv,Packet-Based,Spoofing,MITM-ArpSpoofing1,port_class_dst,3,13067
MITM-ArpSpoofing1.csv,Packet-Based,Spoofing,MITM-ArpSpoofing1,port_class_dst,2,451
MITM-ArpSpoofing1.csv,Packet-Based,Spoofing,MITM-ArpSpoofing1,port_class_dst,0,49
Backdoor_Malware.csv,Packet-Based,Web-Based,Backdoor-Malware,port_class_dst,2,14238
Backdoor_Malware.csv,Packet-Based,Web-Based,Backdoor-Malware,port_class_dst,1,8535
Backdoor_Malware.csv,Packet-Based,Web-Based,Backdoor-Malware,port_class_dst,3,5959
Backdoor_Malware.csv,Packet-Based,Web-Based,Backdoor-Malware,port_class_dst,0,1268
BrowserHijacking.csv,Packet-Based,Unknown,BrowserHijacking,port_class_dst,2,13166
BrowserHijacking.csv,Packet-Based,Unknown,BrowserHijacking,port_class_dst,3,9520
BrowserHijacking.csv,Packet-Based,Unknown,BrowserHijacking,port_class_dst,1,6753
BrowserHijacking.csv,Packet-Based,Unknown,BrowserHijacking,port_class_dst,0,561
CommandInjection.csv,Packet-Based,Web-Based,CommandInjection,port_class_dst,2,12720
CommandInjection.csv,Packet-Based,Web-Based,CommandInjection,port_class_dst,1,8390
CommandInjection.csv,Packet-Based,Web-Based,CommandInjection,port_class_dst,3,7172
CommandInjection.csv,Packet-Based,Web-Based,CommandInjection,port_class_dst,0,1718
SqlInjection.csv,Packet-Based,Web-Based,SqlInjection,port_class_dst,2,13432
SqlInjection.csv,Packet-Based,Web-Based,SqlInjection,port_class_dst,1,9902
SqlInjection.csv,Packet-Based,Web-Based,SqlInjection,port_class_dst,3,6087
SqlInjection.csv,Packet-Based,Web-Based,SqlInjection,port_class_dst,0,579
Uploading_Attack.csv,Packet-Based,Web-Based,Uploading-Attack,port_class_dst,2,5718
Uploading_Attack.csv,Packet-Based,Web-Based,Uploading-Attack,port_class_dst,1,3406
Uploading_Attack.csv,Packet-Based,Web-Based,Uploading-Attack,port_class_dst,3,2744
Uploading_Attack.csv,Packet-Based,Web-Based,Uploading-Attack,port_class_dst,0,1056
XSS.csv,Packet-Based,Web-Based,XSS,port_class_dst,2,13196
XSS.csv,Packet-Based,Web-Based,XSS,port_class_dst,1,8325
XSS.csv,Packet-Based,Web-Based,XSS,port_class_dst,3,7132
XSS.csv,Packet-Based,Web-Based,XSS,port_class_dst,0,1347
